Char,Unicode,Occurrences,Position,Neg,Neut,Pos,Sentiment score,Unicode name,Unicode block,New_Neg,New_Pos
üòÇ,0x1f602,14622,0.805,0.247,0.285,0.468,0.221,FACE WITH TEARS OF JOY,Emoticons,0.38949999999999996,0.6105
‚ù§,0x2764,8050,0.747,0.044,0.166,0.79,0.746,HEAVY BLACK HEART,Dingbats,0.127,0.873
‚ô•,0x2665,7144,0.754,0.035,0.272,0.693,0.657,BLACK HEART SUIT,Miscellaneous Symbols,0.171,0.829
üòç,0x1f60d,6359,0.765,0.052,0.219,0.729,0.678,SMILING FACE WITH HEART-SHAPED EYES,Emoticons,0.1615,0.8385
üò≠,0x1f62d,5526,0.803,0.436,0.22,0.343,-0.093,LOUDLY CRYING FACE,Emoticons,0.546,0.453
üòò,0x1f618,3648,0.854,0.053,0.193,0.754,0.701,FACE THROWING A KISS,Emoticons,0.1495,0.8505
üòä,0x1f60a,3186,0.813,0.06,0.237,0.704,0.644,SMILING FACE WITH SMILING EYES,Emoticons,0.1785,0.8225
üëå,0x1f44c,2925,0.805,0.094,0.249,0.657,0.563,OK HAND SIGN,Miscellaneous Symbols and Pictographs,0.2185,0.7815000000000001
üíï,0x1f495,2400,0.766,0.042,0.285,0.674,0.632,TWO HEARTS,Miscellaneous Symbols and Pictographs,0.1845,0.8165
üëè,0x1f44f,2336,0.787,0.104,0.271,0.624,0.52,CLAPPING HANDS SIGN,Miscellaneous Symbols and Pictographs,0.2395,0.7595000000000001
üòÅ,0x1f601,2189,0.796,0.127,0.296,0.577,0.449,GRINNING FACE WITH SMILING EYES,Emoticons,0.275,0.725
‚ò∫,0x263a,2062,0.799,0.062,0.218,0.72,0.657,WHITE SMILING FACE,Miscellaneous Symbols,0.17099999999999999,0.829
‚ô°,0x2661,1975,0.764,0.052,0.227,0.721,0.669,WHITE HEART SUIT,Miscellaneous Symbols,0.1655,0.8345
üëç,0x1f44d,1854,0.812,0.115,0.248,0.637,0.521,THUMBS UP SIGN,Miscellaneous Symbols and Pictographs,0.239,0.761
üò©,0x1f629,1808,0.826,0.591,0.186,0.223,-0.368,WEARY FACE,Emoticons,0.6839999999999999,0.316
üôè,0x1f64f,1539,0.794,0.081,0.421,0.498,0.417,PERSON WITH FOLDED HANDS,Emoticons,0.2915,0.7085
‚úå,0x270c,1534,0.79,0.113,0.31,0.576,0.463,VICTORY HAND,Dingbats,0.268,0.731
üòè,0x1f60f,1522,0.765,0.112,0.444,0.444,0.332,SMIRKING FACE,Emoticons,0.334,0.666
üòâ,0x1f609,1521,0.845,0.1,0.337,0.563,0.463,WINKING FACE,Emoticons,0.2685,0.7314999999999999
üôå,0x1f64c,1506,0.791,0.101,0.238,0.661,0.559,PERSON RAISING BOTH HANDS IN CELEBRATION,Emoticons,0.22,0.78
üôà,0x1f648,1456,0.739,0.164,0.241,0.596,0.432,SEE-NO-EVIL MONKEY,Emoticons,0.2845,0.7164999999999999
üí™,0x1f4aa,1409,0.807,0.072,0.301,0.627,0.555,FLEXED BICEPS,Miscellaneous Symbols and Pictographs,0.22249999999999998,0.7775
üòÑ,0x1f604,1398,0.795,0.137,0.305,0.558,0.421,SMILING FACE WITH OPEN MOUTH AND SMILING EYES,Emoticons,0.2895,0.7105
üòí,0x1f612,1385,0.858,0.591,0.192,0.217,-0.374,UNAMUSED FACE,Emoticons,0.6869999999999999,0.313
üíÉ,0x1f483,1344,0.853,0.045,0.177,0.779,0.734,DANCER,Miscellaneous Symbols and Pictographs,0.1335,0.8675
üíñ,0x1f496,1263,0.762,0.043,0.201,0.755,0.712,SPARKLING HEART,Miscellaneous Symbols and Pictographs,0.14350000000000002,0.8555
üòÉ,0x1f603,1206,0.735,0.072,0.299,0.629,0.557,SMILING FACE WITH OPEN MOUTH,Emoticons,0.22149999999999997,0.7785
üòî,0x1f614,1205,0.866,0.464,0.219,0.318,-0.146,PENSIVE FACE,Emoticons,0.5735,0.4275
üò±,0x1f631,1130,0.773,0.264,0.282,0.454,0.19,FACE SCREAMING IN FEAR,Emoticons,0.405,0.595
üéâ,0x1f389,1125,0.744,0.039,0.184,0.777,0.738,PARTY POPPER,Miscellaneous Symbols and Pictographs,0.131,0.869
üòú,0x1f61c,1035,0.822,0.112,0.322,0.566,0.455,FACE WITH STUCK-OUT TONGUE AND WINKING EYE,Emoticons,0.273,0.727
‚òØ,0x262f,992,0.384,0.006,0.987,0.007,0.001,YIN YANG,Miscellaneous Symbols,0.4995,0.5005
üå∏,0x1f338,946,0.57,0.04,0.27,0.69,0.65,CHERRY BLOSSOM,Miscellaneous Symbols and Pictographs,0.17500000000000002,0.825
üíú,0x1f49c,939,0.731,0.045,0.257,0.699,0.654,PURPLE HEART,Miscellaneous Symbols and Pictographs,0.1735,0.8274999999999999
üíô,0x1f499,912,0.703,0.033,0.204,0.763,0.73,BLUE HEART,Miscellaneous Symbols and Pictographs,0.135,0.865
‚ú®,0x2728,848,0.56,0.052,0.545,0.403,0.351,SPARKLES,Dingbats,0.3245,0.6755
üò≥,0x1f633,846,0.797,0.327,0.327,0.345,0.018,FLUSHED FACE,Emoticons,0.49050000000000005,0.5085
üíó,0x1f497,836,0.8,0.051,0.241,0.708,0.657,GROWING HEART,Miscellaneous Symbols and Pictographs,0.17149999999999999,0.8285
‚òÖ,0x2605,828,0.353,0.031,0.655,0.314,0.283,BLACK STAR,Miscellaneous Symbols,0.35850000000000004,0.6415
‚ñà,0x2588,798,0.634,0.09,0.853,0.057,-0.032,FULL BLOCK,Block Elements,0.5165,0.4835
‚òÄ,0x2600,786,0.546,0.028,0.479,0.493,0.465,BLACK SUN WITH RAYS,Miscellaneous Symbols,0.2675,0.7324999999999999
üò°,0x1f621,756,0.862,0.532,0.108,0.36,-0.173,POUTING FACE,Emoticons,0.5860000000000001,0.414
üòé,0x1f60e,754,0.766,0.106,0.297,0.597,0.491,SMILING FACE WITH SUNGLASSES,Emoticons,0.2545,0.7454999999999999
üò¢,0x1f622,749,0.814,0.384,0.225,0.391,0.007,CRYING FACE,Emoticons,0.4965,0.5035000000000001
üíã,0x1f48b,734,0.801,0.039,0.231,0.73,0.691,KISS MARK,Miscellaneous Symbols and Pictographs,0.1545,0.8455
üòã,0x1f60b,734,0.765,0.046,0.277,0.677,0.631,FACE SAVOURING DELICIOUS FOOD,Emoticons,0.1845,0.8155000000000001
üôä,0x1f64a,725,0.741,0.135,0.272,0.593,0.459,SPEAK-NO-EVIL MONKEY,Emoticons,0.271,0.729
üò¥,0x1f634,718,0.85,0.422,0.237,0.341,-0.08,SLEEPING FACE,Emoticons,0.5405,0.4595
üé∂,0x1f3b6,701,0.797,0.097,0.27,0.634,0.537,MULTIPLE MUSICAL NOTES,Miscellaneous Symbols and Pictographs,0.232,0.769
üíû,0x1f49e,687,0.829,0.041,0.18,0.78,0.739,REVOLVING HEARTS,Miscellaneous Symbols and Pictographs,0.131,0.87
üòå,0x1f60c,665,0.847,0.141,0.237,0.623,0.482,RELIEVED FACE,Emoticons,0.25949999999999995,0.7415
üî•,0x1f525,651,0.616,0.124,0.613,0.263,0.139,FIRE,Miscellaneous Symbols and Pictographs,0.4305,0.5695
üíØ,0x1f4af,637,0.872,0.281,0.317,0.402,0.12,HUNDRED POINTS SYMBOL,Miscellaneous Symbols and Pictographs,0.4395,0.5605
üî´,0x1f52b,604,0.894,0.493,0.209,0.298,-0.194,PISTOL,Miscellaneous Symbols and Pictographs,0.5975,0.40249999999999997
üíõ,0x1f49b,602,0.752,0.043,0.205,0.752,0.709,YELLOW HEART,Miscellaneous Symbols and Pictographs,0.1455,0.8545
üíÅ,0x1f481,549,0.84,0.192,0.29,0.518,0.326,INFORMATION DESK PERSON,Miscellaneous Symbols and Pictographs,0.33699999999999997,0.663
üíö,0x1f49a,537,0.737,0.078,0.189,0.733,0.656,GREEN HEART,Miscellaneous Symbols and Pictographs,0.1725,0.8275
‚ô´,0x266b,533,0.397,0.063,0.586,0.351,0.287,BEAMED EIGHTH NOTES,Miscellaneous Symbols,0.356,0.6439999999999999
üòû,0x1f61e,532,0.825,0.479,0.161,0.361,-0.118,DISAPPOINTED FACE,Emoticons,0.5595,0.4415
üòÜ,0x1f606,527,0.809,0.155,0.281,0.564,0.409,SMILING FACE WITH OPEN MOUTH AND TIGHTLY-CLOSED EYES,Emoticons,0.2955,0.7044999999999999
üòù,0x1f61d,496,0.809,0.132,0.313,0.555,0.423,FACE WITH STUCK-OUT TONGUE AND TIGHTLY-CLOSED EYES,Emoticons,0.2885,0.7115
üò™,0x1f62a,482,0.858,0.431,0.219,0.351,-0.08,SLEEPY FACE,Emoticons,0.5405,0.46049999999999996
ÔøΩ,0xfffd,472,0.113,0.166,0.581,0.253,0.086,REPLACEMENT CHARACTER,Specials,0.4565,0.5435
üò´,0x1f62b,467,0.84,0.485,0.174,0.34,-0.145,TIRED FACE,Emoticons,0.572,0.42700000000000005
üòÖ,0x1f605,462,0.828,0.292,0.237,0.471,0.178,SMILING FACE WITH OPEN MOUTH AND COLD SWEAT,Emoticons,0.4105,0.5894999999999999
üëä,0x1f44a,458,0.825,0.265,0.243,0.492,0.228,FISTED HAND SIGN,Miscellaneous Symbols and Pictographs,0.3865,0.6134999999999999
üíÄ,0x1f480,456,0.739,0.468,0.27,0.261,-0.207,SKULL,Miscellaneous Symbols and Pictographs,0.603,0.396
üòÄ,0x1f600,439,0.786,0.086,0.26,0.654,0.568,GRINNING FACE,Emoticons,0.216,0.784
üòö,0x1f61a,424,0.853,0.049,0.192,0.759,0.71,KISSING FACE WITH CLOSED EYES,Emoticons,0.14500000000000002,0.855
üòª,0x1f63b,417,0.73,0.069,0.243,0.688,0.619,SMILING CAT FACE WITH HEART-SHAPED EYES,Emoticons,0.1905,0.8094999999999999
¬©,0xa9,416,0.74,0.131,0.621,0.248,0.117,COPYRIGHT SIGN,Latin-1 Supplement,0.4415,0.5585
üëÄ,0x1f440,410,0.759,0.228,0.482,0.291,0.063,EYES,Miscellaneous Symbols and Pictographs,0.469,0.532
üíò,0x1f498,395,0.785,0.048,0.221,0.731,0.683,HEART WITH ARROW,Miscellaneous Symbols and Pictographs,0.1585,0.8415
üêì,0x1f413,384,0.491,0.109,0.755,0.137,0.028,ROOSTER,Miscellaneous Symbols and Pictographs,0.4865,0.5145
‚òï,0x2615,382,0.685,0.14,0.475,0.384,0.244,HOT BEVERAGE,Miscellaneous Symbols,0.3775,0.6214999999999999
üëã,0x1f44b,382,0.798,0.158,0.27,0.571,0.413,WAVING HAND SIGN,Miscellaneous Symbols and Pictographs,0.29300000000000004,0.706
‚úã,0x270b,378,0.838,0.328,0.218,0.454,0.126,RAISED HAND,Dingbats,0.437,0.5630000000000001
üéä,0x1f38a,363,0.724,0.057,0.164,0.779,0.721,CONFETTI BALL,Miscellaneous Symbols and Pictographs,0.139,0.861
üçï,0x1f355,352,0.545,0.056,0.47,0.473,0.417,SLICE OF PIZZA,Miscellaneous Symbols and Pictographs,0.291,0.708
‚ùÑ,0x2744,349,0.76,0.099,0.295,0.605,0.506,SNOWFLAKE,Dingbats,0.2465,0.7525
üò•,0x1f625,341,0.882,0.317,0.244,0.439,0.122,DISAPPOINTED BUT RELIEVED FACE,Emoticons,0.439,0.5609999999999999
üòï,0x1f615,340,0.857,0.601,0.195,0.204,-0.397,CONFUSED FACE,Emoticons,0.6985,0.3015
üí•,0x1f4a5,329,0.587,0.072,0.708,0.22,0.148,COLLISION SYMBOL,Miscellaneous Symbols and Pictographs,0.426,0.574
üíî,0x1f494,328,0.836,0.414,0.293,0.293,-0.121,BROKEN HEART,Miscellaneous Symbols and Pictographs,0.5605,0.4395
üò§,0x1f624,327,0.884,0.479,0.252,0.27,-0.209,FACE WITH LOOK OF TRIUMPH,Emoticons,0.605,0.396
üòà,0x1f608,325,0.762,0.204,0.326,0.47,0.265,SMILING FACE WITH HORNS,Emoticons,0.367,0.633
‚ñ∫,0x25ba,325,0.516,0.125,0.588,0.287,0.162,BLACK RIGHT-POINTING POINTER,Geometric Shapes,0.419,0.581
‚úà,0x2708,322,0.522,0.043,0.498,0.458,0.415,AIRPLANE,Dingbats,0.292,0.7070000000000001
üîù,0x1f51d,303,0.798,0.088,0.35,0.562,0.474,TOP WITH UPWARDS ARROW ABOVE,Miscellaneous Symbols and Pictographs,0.263,0.7370000000000001
üò∞,0x1f630,302,0.92,0.436,0.148,0.416,-0.02,FACE WITH OPEN MOUTH AND COLD SWEAT,Emoticons,0.51,0.49
‚öΩ,0x26bd,299,0.193,0.053,0.278,0.669,0.616,SOCCER BALL,Miscellaneous Symbols,0.192,0.808
üòë,0x1f611,299,0.844,0.513,0.285,0.202,-0.311,EXPRESSIONLESS FACE,Emoticons,0.6555,0.34450000000000003
üëë,0x1f451,298,0.699,0.043,0.219,0.738,0.694,CROWN,Miscellaneous Symbols and Pictographs,0.1525,0.8475
üòπ,0x1f639,295,0.807,0.299,0.262,0.44,0.141,CAT FACE WITH TEARS OF JOY,Emoticons,0.43,0.571
üëâ,0x1f449,292,0.559,0.071,0.468,0.461,0.39,WHITE RIGHT POINTING BACKHAND INDEX,Miscellaneous Symbols and Pictographs,0.305,0.6950000000000001
üçÉ,0x1f343,291,0.572,0.102,0.418,0.48,0.378,LEAF FLUTTERING IN WIND,Miscellaneous Symbols and Pictographs,0.311,0.689
üéÅ,0x1f381,288,0.709,0.041,0.158,0.801,0.759,WRAPPED PRESENT,Miscellaneous Symbols and Pictographs,0.12,0.88
üò†,0x1f620,288,0.849,0.564,0.172,0.265,-0.299,ANGRY FACE,Emoticons,0.6499999999999999,0.351
üêß,0x1f427,284,0.54,0.042,0.46,0.498,0.456,PENGUIN,Miscellaneous Symbols and Pictographs,0.272,0.728
‚òÜ,0x2606,282,0.563,0.032,0.509,0.46,0.428,WHITE STAR,Miscellaneous Symbols,0.2865,0.7145
üçÄ,0x1f340,278,0.768,0.025,0.665,0.31,0.285,FOUR LEAF CLOVER,Miscellaneous Symbols and Pictographs,0.35750000000000004,0.6425000000000001
üéà,0x1f388,277,0.719,0.018,0.246,0.736,0.718,BALLOON,Miscellaneous Symbols and Pictographs,0.141,0.859
üéÖ,0x1f385,274,0.801,0.029,0.625,0.347,0.318,FATHER CHRISTMAS,Miscellaneous Symbols and Pictographs,0.3415,0.6595
üòì,0x1f613,273,0.845,0.431,0.217,0.351,-0.08,FACE WITH COLD SWEAT,Emoticons,0.5395,0.45949999999999996
üò£,0x1f623,271,0.903,0.54,0.131,0.328,-0.212,PERSEVERING FACE,Emoticons,0.6055,0.3935
üòê,0x1f610,270,0.883,0.553,0.282,0.165,-0.388,NEUTRAL FACE,Emoticons,0.6940000000000001,0.306
‚úä,0x270a,270,0.859,0.139,0.293,0.568,0.429,RAISED FIST,Dingbats,0.2855,0.7144999999999999
üò®,0x1f628,269,0.814,0.434,0.272,0.294,-0.14,FEARFUL FACE,Emoticons,0.5700000000000001,0.43
üòñ,0x1f616,268,0.869,0.483,0.188,0.328,-0.155,CONFOUNDED FACE,Emoticons,0.577,0.42200000000000004
üí§,0x1f4a4,267,0.8,0.144,0.341,0.515,0.37,SLEEPING SYMBOL,Miscellaneous Symbols and Pictographs,0.3145,0.6855
üíì,0x1f493,259,0.783,0.061,0.214,0.725,0.664,BEATING HEART,Miscellaneous Symbols and Pictographs,0.16799999999999998,0.832
üëé,0x1f44e,258,0.914,0.494,0.199,0.307,-0.188,THUMBS DOWN SIGN,Miscellaneous Symbols and Pictographs,0.5935,0.4065
üí¶,0x1f4a6,252,0.779,0.141,0.247,0.612,0.471,SPLASHING SWEAT SYMBOL,Miscellaneous Symbols and Pictographs,0.26449999999999996,0.7355
‚úî,0x2714,249,0.565,0.127,0.476,0.397,0.27,HEAVY CHECK MARK,Dingbats,0.365,0.635
üò∑,0x1f637,246,0.84,0.474,0.221,0.305,-0.169,FACE WITH MEDICAL MASK,Emoticons,0.5845,0.4155
‚ö°,0x26a1,246,0.779,0.044,0.735,0.221,0.177,HIGH VOLTAGE SIGN,Miscellaneous Symbols,0.4115,0.5885
üôã,0x1f64b,236,0.733,0.13,0.255,0.615,0.485,HAPPY PERSON RAISING ONE HAND,Emoticons,0.2575,0.7424999999999999
üéÑ,0x1f384,236,0.633,0.067,0.335,0.598,0.531,CHRISTMAS TREE,Miscellaneous Symbols and Pictographs,0.23450000000000001,0.7655
üí©,0x1f4a9,229,0.84,0.409,0.297,0.293,-0.116,PILE OF POO,Miscellaneous Symbols and Pictographs,0.5575,0.4415
üéµ,0x1f3b5,223,0.715,0.106,0.288,0.606,0.5,MUSICAL NOTE,Miscellaneous Symbols and Pictographs,0.25,0.75
‚û°,0x27a1,222,0.478,0.013,0.827,0.16,0.147,BLACK RIGHTWARDS ARROW,Dingbats,0.4265,0.5735
üòõ,0x1f61b,220,0.734,0.085,0.229,0.686,0.601,FACE WITH STUCK-OUT TONGUE,Emoticons,0.1995,0.8005000000000001
üò¨,0x1f62c,214,0.794,0.267,0.272,0.461,0.194,GRIMACING FACE,Emoticons,0.403,0.597
üëØ,0x1f46f,211,0.742,0.117,0.327,0.556,0.439,WOMAN WITH BUNNY EARS,Miscellaneous Symbols and Pictographs,0.2805,0.7195
üíé,0x1f48e,209,0.694,0.057,0.325,0.618,0.561,GEM STONE,Miscellaneous Symbols and Pictographs,0.2195,0.7805
üåø,0x1f33f,208,0.6,0.009,0.597,0.393,0.384,HERB,Miscellaneous Symbols and Pictographs,0.3075,0.6915
üéÇ,0x1f382,201,0.748,0.083,0.221,0.696,0.613,BIRTHDAY CAKE,Miscellaneous Symbols and Pictographs,0.1935,0.8065
üåü,0x1f31f,199,0.655,0.059,0.554,0.386,0.327,GLOWING STAR,Miscellaneous Symbols and Pictographs,0.336,0.663
üîÆ,0x1f52e,199,0.333,0.035,0.663,0.302,0.267,CRYSTAL BALL,Miscellaneous Symbols and Pictographs,0.36650000000000005,0.6335
‚ùó,0x2757,198,0.62,0.159,0.582,0.259,0.1,HEAVY EXCLAMATION MARK SYMBOL,Dingbats,0.44999999999999996,0.55
üë´,0x1f46b,197,0.664,0.22,0.305,0.475,0.255,MAN AND WOMAN HOLDING HANDS,Miscellaneous Symbols and Pictographs,0.3725,0.6275
üèÜ,0x1f3c6,194,0.706,0.036,0.203,0.761,0.726,TROPHY,Miscellaneous Symbols and Pictographs,0.1375,0.8625
‚úñ,0x2716,193,0.515,0.046,0.597,0.357,0.311,HEAVY MULTIPLICATION X,Dingbats,0.3445,0.6555
‚òù,0x261d,191,0.76,0.144,0.402,0.454,0.309,WHITE UP POINTING INDEX,Miscellaneous Symbols,0.345,0.655
üòô,0x1f619,191,0.876,0.021,0.18,0.799,0.778,KISSING FACE WITH SMILING EYES,Emoticons,0.111,0.889
‚õÑ,0x26c4,191,0.739,0.077,0.325,0.598,0.521,SNOWMAN WITHOUT SNOW,Miscellaneous Symbols,0.2395,0.7605
üëÖ,0x1f445,190,0.738,0.124,0.29,0.585,0.461,TONGUE,Miscellaneous Symbols and Pictographs,0.269,0.73
‚ô™,0x266a,190,0.696,0.083,0.301,0.617,0.534,EIGHTH NOTE,Miscellaneous Symbols,0.23349999999999999,0.7675
üçÇ,0x1f342,189,0.635,0.036,0.38,0.583,0.547,FALLEN LEAF,Miscellaneous Symbols and Pictographs,0.226,0.7729999999999999
üíè,0x1f48f,185,0.729,0.181,0.25,0.569,0.388,KISS,Miscellaneous Symbols and Pictographs,0.306,0.694
üî™,0x1f52a,183,0.764,0.21,0.511,0.28,0.07,HOCHO,Miscellaneous Symbols and Pictographs,0.4655,0.5355000000000001
üå¥,0x1f334,178,0.676,0.077,0.32,0.602,0.525,PALM TREE,Miscellaneous Symbols and Pictographs,0.237,0.762
üëà,0x1f448,174,0.701,0.085,0.407,0.508,0.424,WHITE LEFT POINTING BACKHAND INDEX,Miscellaneous Symbols and Pictographs,0.2885,0.7115
üåπ,0x1f339,172,0.664,0.023,0.354,0.623,0.6,ROSE,Miscellaneous Symbols and Pictographs,0.19999999999999998,0.8
üôÜ,0x1f646,171,0.84,0.092,0.316,0.592,0.5,FACE WITH OK GESTURE,Emoticons,0.25,0.75
‚ûú,0x279c,170,0.559,0.052,0.734,0.214,0.162,HEAVY ROUND-TIPPED RIGHTWARDS ARROW,Dingbats,0.419,0.581
üëª,0x1f47b,168,0.741,0.17,0.433,0.398,0.228,GHOST,Miscellaneous Symbols and Pictographs,0.3865,0.6145
üí∞,0x1f4b0,168,0.827,0.158,0.433,0.409,0.251,MONEY BAG,Miscellaneous Symbols and Pictographs,0.3745,0.6255
üçª,0x1f37b,165,0.745,0.107,0.274,0.619,0.512,CLINKING BEER MUGS,Miscellaneous Symbols and Pictographs,0.244,0.756
üôÖ,0x1f645,165,0.839,0.458,0.286,0.256,-0.202,FACE WITH NO GOOD GESTURE,Emoticons,0.601,0.399
üåû,0x1f31e,162,0.709,0.024,0.394,0.582,0.558,SUN WITH FACE,Miscellaneous Symbols and Pictographs,0.221,0.7789999999999999
üçÅ,0x1f341,161,0.624,0.037,0.445,0.518,0.482,MAPLE LEAF,Miscellaneous Symbols and Pictographs,0.2595,0.7405
‚≠ê,0x2b50,159,0.601,0.037,0.346,0.617,0.58,WHITE MEDIUM STAR,Miscellaneous Symbols and Arrows,0.21,0.79
‚ñ™,0x25aa,159,0.145,0.099,0.605,0.296,0.198,BLACK SMALL SQUARE,Geometric Shapes,0.40149999999999997,0.5985
üéÄ,0x1f380,156,0.652,0.044,0.283,0.673,0.629,RIBBON,Miscellaneous Symbols and Pictographs,0.1855,0.8145
‚îÅ,0x2501,156,0.54,0.094,0.635,0.27,0.176,BOX DRAWINGS HEAVY HORIZONTAL,Box Drawing,0.4115,0.5875
‚ò∑,0x2637,154,0.012,0.019,0.898,0.083,0.064,TRIGRAM FOR EARTH,Miscellaneous Symbols,0.468,0.532
üê∑,0x1f437,152,0.603,0.077,0.477,0.445,0.368,PIG FACE,Miscellaneous Symbols and Pictographs,0.3155,0.6835
üôâ,0x1f649,150,0.758,0.176,0.314,0.51,0.333,HEAR-NO-EVIL MONKEY,Emoticons,0.33299999999999996,0.667
üå∫,0x1f33a,150,0.629,0.02,0.412,0.569,0.549,HIBISCUS,Miscellaneous Symbols and Pictographs,0.22599999999999998,0.7749999999999999
üíÖ,0x1f485,149,0.756,0.184,0.243,0.572,0.388,NAIL POLISH,Miscellaneous Symbols and Pictographs,0.3055,0.6935
üê∂,0x1f436,148,0.654,0.086,0.252,0.662,0.576,DOG FACE,Miscellaneous Symbols and Pictographs,0.212,0.788
üåö,0x1f31a,148,0.76,0.159,0.219,0.623,0.464,NEW MOON WITH FACE,Miscellaneous Symbols and Pictographs,0.2685,0.7325
üëΩ,0x1f47d,146,0.612,0.094,0.497,0.409,0.315,EXTRATERRESTRIAL ALIEN,Miscellaneous Symbols and Pictographs,0.3425,0.6575
üé§,0x1f3a4,144,0.671,0.122,0.279,0.599,0.476,MICROPHONE,Miscellaneous Symbols and Pictographs,0.2615,0.7384999999999999
üë≠,0x1f46d,144,0.667,0.143,0.252,0.605,0.463,TWO WOMEN HOLDING HANDS,Miscellaneous Symbols and Pictographs,0.269,0.731
üéß,0x1f3a7,142,0.843,0.131,0.324,0.545,0.414,HEADPHONE,Miscellaneous Symbols and Pictographs,0.29300000000000004,0.7070000000000001
üëÜ,0x1f446,138,0.787,0.121,0.433,0.447,0.326,WHITE UP POINTING BACKHAND INDEX,Miscellaneous Symbols and Pictographs,0.3375,0.6635
üç∏,0x1f378,138,0.663,0.092,0.277,0.631,0.539,COCKTAIL GLASS,Miscellaneous Symbols and Pictographs,0.2305,0.7695000000000001
üç∑,0x1f377,137,0.604,0.057,0.493,0.45,0.393,WINE GLASS,Miscellaneous Symbols and Pictographs,0.3035,0.6965
¬Æ,0xae,137,0.353,0.071,0.579,0.35,0.279,REGISTERED SIGN,Latin-1 Supplement,0.3605,0.6395
üçâ,0x1f349,136,0.648,0.079,0.245,0.676,0.597,WATERMELON,Miscellaneous Symbols and Pictographs,0.2015,0.7985
üòá,0x1f607,135,0.782,0.072,0.268,0.659,0.587,SMILING FACE WITH HALO,Emoticons,0.20600000000000002,0.793
‚òë,0x2611,135,0.69,0.022,0.855,0.123,0.101,BALLOT BOX WITH CHECK,Miscellaneous Symbols,0.4495,0.5505
üèÉ,0x1f3c3,135,0.735,0.094,0.406,0.5,0.406,RUNNER,Miscellaneous Symbols and Pictographs,0.29700000000000004,0.7030000000000001
üòø,0x1f63f,134,0.812,0.577,0.219,0.204,-0.372,CRYING CAT FACE,Emoticons,0.6865,0.3135
‚îÇ,0x2502,134,0.483,0.007,0.642,0.35,0.343,BOX DRAWINGS LIGHT VERTICAL,Box Drawing,0.328,0.671
üí£,0x1f4a3,131,0.847,0.306,0.381,0.313,0.007,BOMB,Miscellaneous Symbols and Pictographs,0.4965,0.5035000000000001
üç∫,0x1f37a,131,0.682,0.067,0.373,0.56,0.493,BEER MUG,Miscellaneous Symbols and Pictographs,0.2535,0.7465
‚ñ∂,0x25b6,131,0.498,0.06,0.672,0.269,0.209,BLACK RIGHT-POINTING TRIANGLE,Geometric Shapes,0.396,0.605
üò≤,0x1f632,129,0.854,0.386,0.295,0.318,-0.068,ASTONISHED FACE,Emoticons,0.5335,0.4655
üé∏,0x1f3b8,125,0.605,0.016,0.453,0.531,0.516,GUITAR,Miscellaneous Symbols and Pictographs,0.2425,0.7575000000000001
üçπ,0x1f379,123,0.764,0.048,0.246,0.706,0.659,TROPICAL DRINK,Miscellaneous Symbols and Pictographs,0.17099999999999999,0.829
üí´,0x1f4ab,121,0.614,0.04,0.419,0.54,0.5,DIZZY SYMBOL,Miscellaneous Symbols and Pictographs,0.2495,0.7495
üìö,0x1f4da,119,0.692,0.189,0.287,0.525,0.336,BOOKS,Miscellaneous Symbols and Pictographs,0.3325,0.6685
üò∂,0x1f636,117,0.869,0.425,0.292,0.283,-0.142,FACE WITHOUT MOUTH,Emoticons,0.571,0.42899999999999994
üå∑,0x1f337,116,0.623,0.008,0.445,0.546,0.538,TULIP,Miscellaneous Symbols and Pictographs,0.2305,0.7685000000000001
üíù,0x1f49d,115,0.774,0.076,0.203,0.72,0.644,HEART WITH RIBBON,Miscellaneous Symbols and Pictographs,0.1775,0.8215
üí®,0x1f4a8,115,0.711,0.11,0.398,0.492,0.381,DASH SYMBOL,Miscellaneous Symbols and Pictographs,0.309,0.6910000000000001
üèà,0x1f3c8,114,0.823,0.068,0.333,0.598,0.53,AMERICAN FOOTBALL,Miscellaneous Symbols and Pictographs,0.23450000000000001,0.7645
üíç,0x1f48d,112,0.808,0.148,0.226,0.626,0.478,RING,Miscellaneous Symbols and Pictographs,0.261,0.739
‚òî,0x2614,111,0.687,0.193,0.325,0.482,0.289,UMBRELLA WITH RAIN DROPS,Miscellaneous Symbols,0.35550000000000004,0.6445
üë∏,0x1f478,111,0.654,0.061,0.272,0.667,0.605,PRINCESS,Miscellaneous Symbols and Pictographs,0.197,0.803
üá™,0x1f1ea,109,0.699,0.027,0.33,0.643,0.616,REGIONAL INDICATOR SYMBOL LETTER E,Enclosed Alphanumeric Supplement,0.192,0.808
‚ñë,0x2591,108,0.439,0.234,0.577,0.189,-0.045,LIGHT SHADE,Block Elements,0.5225,0.4775
üç©,0x1f369,107,0.709,0.145,0.327,0.527,0.382,DOUGHNUT,Miscellaneous Symbols and Pictographs,0.3085,0.6905
üëæ,0x1f47e,105,0.552,0.019,0.602,0.38,0.361,ALIEN MONSTER,Miscellaneous Symbols and Pictographs,0.32,0.681
‚òÅ,0x2601,104,0.596,0.14,0.411,0.449,0.308,CLOUD,Miscellaneous Symbols,0.34550000000000003,0.6545
üåª,0x1f33b,104,0.607,0.019,0.393,0.589,0.57,SUNFLOWER,Miscellaneous Symbols and Pictographs,0.2155,0.7855
üòµ,0x1f635,103,0.809,0.321,0.274,0.406,0.085,DIZZY FACE,Emoticons,0.458,0.543
üìí,0x1f4d2,102,0.474,0.01,0.943,0.048,0.038,LEDGER,Miscellaneous Symbols and Pictographs,0.4815,0.5195
‚Üø,0x21bf,102,0.711,0.01,0.333,0.657,0.648,UPWARDS HARPOON WITH BARB LEFTWARDS,Arrows,0.17650000000000002,0.8235
üêØ,0x1f42f,100,0.55,0.049,0.427,0.524,0.476,TIGER FACE,Miscellaneous Symbols and Pictographs,0.2625,0.7375
üëº,0x1f47c,99,0.683,0.176,0.314,0.51,0.333,BABY ANGEL,Miscellaneous Symbols and Pictographs,0.33299999999999996,0.667
üçî,0x1f354,98,0.637,0.168,0.386,0.446,0.277,HAMBURGER,Miscellaneous Symbols and Pictographs,0.361,0.639
üò∏,0x1f638,97,0.782,0.12,0.35,0.53,0.41,GRINNING CAT FACE WITH SMILING EYES,Emoticons,0.295,0.7050000000000001
üë∂,0x1f476,96,0.745,0.141,0.283,0.576,0.434,BABY,Miscellaneous Symbols and Pictographs,0.2825,0.7174999999999999
‚Üæ,0x21be,96,0.707,0.01,0.333,0.657,0.646,UPWARDS HARPOON WITH BARB RIGHTWARDS,Arrows,0.17650000000000002,0.8235
üíê,0x1f490,95,0.728,0.041,0.184,0.776,0.735,BOUQUET,Miscellaneous Symbols and Pictographs,0.133,0.868
üåä,0x1f30a,95,0.78,0.092,0.316,0.592,0.5,WATER WAVE,Miscellaneous Symbols and Pictographs,0.25,0.75
üç¶,0x1f366,95,0.63,0.143,0.255,0.602,0.459,SOFT ICE CREAM,Miscellaneous Symbols and Pictographs,0.27049999999999996,0.7295
üçì,0x1f353,94,0.689,0.041,0.247,0.711,0.67,STRAWBERRY,Miscellaneous Symbols and Pictographs,0.1645,0.8345
üëá,0x1f447,94,0.557,0.144,0.464,0.392,0.247,WHITE DOWN POINTING BACKHAND INDEX,Miscellaneous Symbols and Pictographs,0.376,0.624
üíÜ,0x1f486,92,0.814,0.263,0.253,0.484,0.221,FACE MASSAGE,Miscellaneous Symbols and Pictographs,0.3895,0.6105
üç¥,0x1f374,92,0.58,0.053,0.358,0.589,0.537,FORK AND KNIFE,Miscellaneous Symbols and Pictographs,0.23199999999999998,0.768
üòß,0x1f627,92,0.775,0.389,0.284,0.326,-0.063,ANGUISHED FACE,Emoticons,0.531,0.46799999999999997
üá∏,0x1f1f8,91,0.655,0.096,0.298,0.606,0.511,REGIONAL INDICATOR SYMBOL LETTER S,Enclosed Alphanumeric Supplement,0.245,0.755
üòÆ,0x1f62e,90,0.774,0.183,0.366,0.452,0.269,FACE WITH OPEN MOUTH,Emoticons,0.366,0.635
‚ñì,0x2593,90,0.658,0.032,0.925,0.043,0.011,DARK SHADE,Block Elements,0.49450000000000005,0.5055000000000001
üö´,0x1f6ab,88,0.703,0.538,0.363,0.099,-0.44,NO ENTRY SIGN,Transport and Map Symbols,0.7195,0.28049999999999997
üòΩ,0x1f63d,88,0.754,0.132,0.165,0.703,0.571,KISSING CAT FACE WITH CLOSED EYES,Emoticons,0.21450000000000002,0.7855
üåà,0x1f308,88,0.672,0.066,0.352,0.582,0.516,RAINBOW,Miscellaneous Symbols and Pictographs,0.242,0.758
üôÄ,0x1f640,88,0.791,0.165,0.341,0.495,0.33,WEARY CAT FACE,Emoticons,0.3355,0.6655
‚ö†,0x26a0,88,0.489,0.187,0.692,0.121,-0.066,WARNING SIGN,Miscellaneous Symbols,0.5329999999999999,0.46699999999999997
üéÆ,0x1f3ae,86,0.467,0.101,0.371,0.528,0.427,VIDEO GAME,Miscellaneous Symbols and Pictographs,0.2865,0.7135
‚ïØ,0x256f,84,0.507,0.23,0.552,0.218,-0.011,BOX DRAWINGS LIGHT ARC UP AND LEFT,Box Drawing,0.506,0.494
üçÜ,0x1f346,84,0.719,0.08,0.437,0.483,0.402,AUBERGINE,Miscellaneous Symbols and Pictographs,0.2985,0.7015
üç∞,0x1f370,84,0.783,0.161,0.23,0.609,0.448,SHORTCAKE,Miscellaneous Symbols and Pictographs,0.276,0.724
‚úì,0x2713,84,0.628,0.115,0.483,0.402,0.287,CHECK MARK,Dingbats,0.3565,0.6435
üëê,0x1f450,83,0.876,0.395,0.233,0.372,-0.023,OPEN HANDS SIGN,Miscellaneous Symbols and Pictographs,0.5115000000000001,0.4885
üôá,0x1f647,83,0.794,0.291,0.279,0.43,0.14,PERSON BOWING DEEPLY,Emoticons,0.4305,0.5695
üçü,0x1f35f,83,0.65,0.174,0.349,0.477,0.302,FRENCH FRIES,Miscellaneous Symbols and Pictographs,0.3485,0.6515
üçå,0x1f34c,82,0.541,0.129,0.306,0.565,0.435,BANANA,Miscellaneous Symbols and Pictographs,0.28200000000000003,0.718
üíë,0x1f491,82,0.683,0.071,0.2,0.729,0.659,COUPLE WITH HEART,Miscellaneous Symbols and Pictographs,0.17099999999999999,0.829
üë¨,0x1f46c,82,0.622,0.353,0.353,0.294,-0.059,TWO MEN HOLDING HANDS,Miscellaneous Symbols and Pictographs,0.5295,0.4705
üê£,0x1f423,81,0.776,0.155,0.214,0.631,0.476,HATCHING CHICK,Miscellaneous Symbols and Pictographs,0.262,0.738
üéÉ,0x1f383,81,0.724,0.083,0.238,0.679,0.595,JACK-O-LANTERN,Miscellaneous Symbols and Pictographs,0.202,0.798
‚ñ¨,0x25ac,81,0.335,0.012,0.512,0.476,0.464,BLACK RECTANGLE,Geometric Shapes,0.268,0.732
Ôøº,0xfffc,81,0.309,0.536,0.405,0.06,-0.476,OBJECT REPLACEMENT CHARACTER,Specials,0.7385,0.2625
üòü,0x1f61f,80,0.824,0.349,0.229,0.422,0.072,WORRIED FACE,Emoticons,0.46349999999999997,0.5365
üêæ,0x1f43e,78,0.739,0.111,0.173,0.716,0.605,PAW PRINTS,Miscellaneous Symbols and Pictographs,0.1975,0.8025
üéì,0x1f393,77,0.647,0.1,0.238,0.663,0.563,GRADUATION CAP,Miscellaneous Symbols and Pictographs,0.219,0.782
üèä,0x1f3ca,77,0.653,0.038,0.35,0.613,0.575,SWIMMER,Miscellaneous Symbols and Pictographs,0.213,0.788
üç´,0x1f36b,76,0.793,0.291,0.266,0.443,0.152,CHOCOLATE BAR,Miscellaneous Symbols and Pictographs,0.424,0.5760000000000001
üì∑,0x1f4f7,76,0.49,0.101,0.367,0.532,0.43,CAMERA,Miscellaneous Symbols and Pictographs,0.2845,0.7155
üëÑ,0x1f444,75,0.592,0.077,0.372,0.551,0.474,MOUTH,Miscellaneous Symbols and Pictographs,0.263,0.7370000000000001
üåº,0x1f33c,74,0.604,0.026,0.169,0.805,0.779,BLOSSOM,Miscellaneous Symbols and Pictographs,0.1105,0.8895000000000001
üö∂,0x1f6b6,74,0.797,0.377,0.39,0.234,-0.143,PEDESTRIAN,Transport and Map Symbols,0.5720000000000001,0.42900000000000005
üê±,0x1f431,73,0.544,0.145,0.197,0.658,0.513,CAT FACE,Miscellaneous Symbols and Pictographs,0.2435,0.7565000000000001
‚ïë,0x2551,73,0.568,0.013,0.829,0.158,0.145,BOX DRAWINGS DOUBLE VERTICAL,Box Drawing,0.4275,0.5725
üê∏,0x1f438,72,0.846,0.333,0.413,0.253,-0.08,FROG FACE,Miscellaneous Symbols and Pictographs,0.5395,0.4595
üá∫,0x1f1fa,71,0.683,0.122,0.216,0.662,0.541,REGIONAL INDICATOR SYMBOL LETTER U,Enclosed Alphanumeric Supplement,0.22999999999999998,0.77
üëø,0x1f47f,70,0.911,0.658,0.219,0.123,-0.534,IMP,Miscellaneous Symbols and Pictographs,0.7675000000000001,0.23249999999999998
üö¨,0x1f6ac,70,0.805,0.123,0.233,0.644,0.521,SMOKING SYMBOL,Transport and Map Symbols,0.2395,0.7605000000000001
‚úø,0x273f,70,0.499,0.041,0.534,0.425,0.384,BLACK FLORETTE,Dingbats,0.308,0.692
üìñ,0x1f4d6,68,0.71,0.268,0.296,0.437,0.169,OPEN BOOK,Miscellaneous Symbols and Pictographs,0.41600000000000004,0.585
üêí,0x1f412,68,0.64,0.028,0.423,0.549,0.521,MONKEY,Miscellaneous Symbols and Pictographs,0.2395,0.7605000000000001
üåç,0x1f30d,68,0.624,0.085,0.239,0.676,0.592,EARTH GLOBE EUROPE-AFRICA,Miscellaneous Symbols and Pictographs,0.20450000000000002,0.7955000000000001
‚îä,0x250a,68,0.682,0.014,0.014,0.972,0.958,BOX DRAWINGS LIGHT QUADRUPLE DASH VERTICAL,Box Drawing,0.021,0.979
üê•,0x1f425,67,0.78,0.071,0.271,0.657,0.586,FRONT-FACING BABY CHICK,Miscellaneous Symbols and Pictographs,0.20650000000000002,0.7925
üåÄ,0x1f300,66,0.553,0.159,0.58,0.261,0.101,CYCLONE,Miscellaneous Symbols and Pictographs,0.44899999999999995,0.5509999999999999
üêº,0x1f43c,66,0.614,0.072,0.594,0.333,0.261,PANDA FACE,Miscellaneous Symbols and Pictographs,0.369,0.63
üé•,0x1f3a5,66,0.676,0.13,0.449,0.42,0.29,MOVIE CAMERA,Miscellaneous Symbols and Pictographs,0.35450000000000004,0.6445
üíÑ,0x1f484,66,0.637,0.101,0.362,0.536,0.435,LIPSTICK,Miscellaneous Symbols and Pictographs,0.28200000000000003,0.7170000000000001
üí∏,0x1f4b8,66,0.79,0.246,0.348,0.406,0.159,MONEY WITH WINGS,Miscellaneous Symbols and Pictographs,0.42,0.5800000000000001
‚õî,0x26d4,65,0.406,0.088,0.338,0.574,0.485,NO ENTRY,Miscellaneous Symbols,0.257,0.743
‚óè,0x25cf,65,0.561,0.132,0.559,0.309,0.176,BLACK CIRCLE,Geometric Shapes,0.41150000000000003,0.5885
üèÄ,0x1f3c0,64,0.807,0.209,0.328,0.463,0.254,BASKETBALL AND HOOP,Miscellaneous Symbols and Pictographs,0.373,0.627
üíâ,0x1f489,64,0.75,0.179,0.284,0.537,0.358,SYRINGE,Miscellaneous Symbols and Pictographs,0.32099999999999995,0.679
üíü,0x1f49f,63,0.788,0.061,0.197,0.742,0.682,HEART DECORATION,Miscellaneous Symbols and Pictographs,0.1595,0.8405
üöó,0x1f697,62,0.638,0.138,0.492,0.369,0.231,AUTOMOBILE,Transport and Map Symbols,0.384,0.615
üòØ,0x1f62f,62,0.859,0.262,0.354,0.385,0.123,HUSHED FACE,Emoticons,0.439,0.562
üìù,0x1f4dd,62,0.795,0.138,0.492,0.369,0.231,MEMO,Miscellaneous Symbols and Pictographs,0.384,0.615
‚ïê,0x2550,62,0.441,0.015,0.954,0.031,0.015,BOX DRAWINGS DOUBLE HORIZONTAL,Box Drawing,0.492,0.508
‚ô¶,0x2666,61,0.562,0.109,0.328,0.563,0.453,BLACK DIAMOND SUIT,Miscellaneous Symbols,0.273,0.727
üí≠,0x1f4ad,60,0.688,0.175,0.444,0.381,0.206,THOUGHT BALLOON,Miscellaneous Symbols and Pictographs,0.397,0.603
üåô,0x1f319,58,0.669,0.066,0.279,0.656,0.59,CRESCENT MOON,Miscellaneous Symbols and Pictographs,0.20550000000000002,0.7955000000000001
üêü,0x1f41f,58,0.677,0.049,0.213,0.738,0.689,FISH,Miscellaneous Symbols and Pictographs,0.1555,0.8445
üë£,0x1f463,58,0.639,0.115,0.426,0.459,0.344,FOOTPRINTS,Miscellaneous Symbols and Pictographs,0.328,0.672
‚òû,0x261e,58,0.725,0.016,0.852,0.131,0.115,WHITE RIGHT POINTING INDEX,Miscellaneous Symbols,0.442,0.5569999999999999
‚úÇ,0x2702,58,0.81,0.574,0.311,0.115,-0.459,BLACK SCISSORS,Dingbats,0.7294999999999999,0.2705
üóø,0x1f5ff,58,0.942,0.098,0.361,0.541,0.443,MOYAI,Miscellaneous Symbols and Pictographs,0.27849999999999997,0.7215
üçù,0x1f35d,57,0.564,0.283,0.317,0.4,0.117,SPAGHETTI,Miscellaneous Symbols and Pictographs,0.4415,0.5585
üë™,0x1f46a,57,0.653,0.417,0.183,0.4,-0.017,FAMILY,Miscellaneous Symbols and Pictographs,0.5085,0.49150000000000005
üç≠,0x1f36d,57,0.633,0.167,0.367,0.467,0.3,LOLLIPOP,Miscellaneous Symbols and Pictographs,0.35050000000000003,0.6505000000000001
üåÉ,0x1f303,56,0.748,0.068,0.475,0.458,0.39,NIGHT WITH STARS,Miscellaneous Symbols and Pictographs,0.3055,0.6955
‚ùå,0x274c,56,0.613,0.254,0.22,0.525,0.271,CROSS MARK,Dingbats,0.364,0.635
üê∞,0x1f430,55,0.708,0.086,0.241,0.672,0.586,RABBIT FACE,Miscellaneous Symbols and Pictographs,0.2065,0.7925
üíä,0x1f48a,55,0.675,0.155,0.259,0.586,0.431,PILL,Miscellaneous Symbols and Pictographs,0.2845,0.7155
üö®,0x1f6a8,55,0.521,0.121,0.121,0.759,0.638,POLICE CARS REVOLVING LIGHT,Transport and Map Symbols,0.1815,0.8195
üò¶,0x1f626,54,0.882,0.544,0.281,0.175,-0.368,FROWNING FACE WITH OPEN MOUTH,Emoticons,0.6845000000000001,0.3155
üç™,0x1f36a,54,0.737,0.193,0.298,0.509,0.316,COOKIE,Miscellaneous Symbols and Pictographs,0.34199999999999997,0.658
üç£,0x1f363,53,0.67,0.446,0.339,0.214,-0.232,SUSHI,Miscellaneous Symbols and Pictographs,0.6155,0.3835
‚ï≠,0x256d,53,0.49,0.071,0.696,0.232,0.161,BOX DRAWINGS LIGHT ARC DOWN AND RIGHT,Box Drawing,0.419,0.58
‚úß,0x2727,53,0.399,0.036,0.607,0.357,0.321,WHITE FOUR POINTED STAR,Dingbats,0.33949999999999997,0.6605
üéÜ,0x1f386,52,0.799,0.055,0.182,0.764,0.709,FIREWORKS,Miscellaneous Symbols and Pictographs,0.146,0.855
‚ïÆ,0x256e,52,0.423,0.109,0.655,0.236,0.127,BOX DRAWINGS LIGHT ARC DOWN AND LEFT,Box Drawing,0.4365,0.5635
üéé,0x1f38e,51,0.417,0.019,0.056,0.926,0.907,JAPANESE DOLLS,Miscellaneous Symbols and Pictographs,0.047,0.9540000000000001
üá©,0x1f1e9,51,0.745,0.037,0.315,0.648,0.611,REGIONAL INDICATOR SYMBOL LETTER D,Enclosed Alphanumeric Supplement,0.1945,0.8055
‚úÖ,0x2705,51,0.673,0.074,0.444,0.481,0.407,WHITE HEAVY CHECK MARK,Dingbats,0.296,0.703
üëπ,0x1f479,49,0.701,0.269,0.404,0.327,0.058,JAPANESE OGRE,Miscellaneous Symbols and Pictographs,0.47100000000000003,0.529
üì±,0x1f4f1,49,0.72,0.096,0.5,0.404,0.308,MOBILE PHONE,Miscellaneous Symbols and Pictographs,0.346,0.654
üôç,0x1f64d,49,0.845,0.577,0.173,0.25,-0.327,PERSON FROWNING,Emoticons,0.6635,0.3365
üçë,0x1f351,49,0.739,0.25,0.25,0.5,0.25,PEACH,Miscellaneous Symbols and Pictographs,0.375,0.625
üéº,0x1f3bc,49,0.636,0.058,0.558,0.385,0.327,MUSICAL SCORE,Miscellaneous Symbols and Pictographs,0.337,0.664
üîä,0x1f50a,49,0.652,0.096,0.404,0.5,0.404,SPEAKER WITH THREE SOUND WAVES,Miscellaneous Symbols and Pictographs,0.29800000000000004,0.702
üåå,0x1f30c,47,0.751,0.12,0.24,0.64,0.52,MILKY WAY,Miscellaneous Symbols and Pictographs,0.24,0.76
üçé,0x1f34e,47,0.751,0.14,0.4,0.46,0.32,RED APPLE,Miscellaneous Symbols and Pictographs,0.34,0.66
üêª,0x1f43b,47,0.692,0.14,0.28,0.58,0.44,BEAR FACE,Miscellaneous Symbols and Pictographs,0.28,0.72
‚îÄ,0x2500,47,0.711,0.02,0.82,0.16,0.14,BOX DRAWINGS LIGHT HORIZONTAL,Box Drawing,0.43,0.57
‚ï∞,0x2570,47,0.51,0.16,0.74,0.1,-0.06,BOX DRAWINGS LIGHT ARC UP AND RIGHT,Box Drawing,0.53,0.47
üíá,0x1f487,46,0.678,0.163,0.347,0.49,0.327,HAIRCUT,Miscellaneous Symbols and Pictographs,0.3365,0.6635
‚ô¨,0x266c,46,0.677,0.102,0.551,0.347,0.245,BEAMED SIXTEENTH NOTES,Miscellaneous Symbols,0.3775,0.6225
‚ôö,0x265a,46,0.389,0.02,0.918,0.061,0.041,BLACK CHESS KING,Miscellaneous Symbols,0.47900000000000004,0.52
üî¥,0x1f534,45,0.656,0.042,0.521,0.438,0.396,LARGE RED CIRCLE,Miscellaneous Symbols and Pictographs,0.3025,0.6985
üç±,0x1f371,45,0.58,0.542,0.229,0.229,-0.313,BENTO BOX,Miscellaneous Symbols and Pictographs,0.6565000000000001,0.3435
üçä,0x1f34a,45,0.697,0.146,0.292,0.563,0.417,TANGERINE,Miscellaneous Symbols and Pictographs,0.292,0.709
üçí,0x1f352,45,0.619,0.146,0.396,0.458,0.313,CHERRIES,Miscellaneous Symbols and Pictographs,0.344,0.656
üê≠,0x1f42d,45,0.823,0.021,0.271,0.708,0.688,MOUSE FACE,Miscellaneous Symbols and Pictographs,0.1565,0.8434999999999999
üëü,0x1f45f,45,0.562,0.125,0.333,0.542,0.417,ATHLETIC SHOE,Miscellaneous Symbols and Pictographs,0.2915,0.7085
üåé,0x1f30e,44,0.743,0.128,0.426,0.447,0.319,EARTH GLOBE AMERICAS,Miscellaneous Symbols and Pictographs,0.34099999999999997,0.66
üçç,0x1f34d,44,0.583,0.17,0.191,0.638,0.468,PINEAPPLE,Miscellaneous Symbols and Pictographs,0.2655,0.7335
üêÆ,0x1f42e,43,0.847,0.065,0.283,0.652,0.587,COW FACE,Miscellaneous Symbols and Pictographs,0.2065,0.7935
üì≤,0x1f4f2,43,0.598,0.174,0.413,0.413,0.239,MOBILE PHONE WITH RIGHTWARDS ARROW AT LEFT,Miscellaneous Symbols and Pictographs,0.38049999999999995,0.6194999999999999
‚òº,0x263c,43,0.461,0.065,0.674,0.261,0.196,WHITE SUN WITH RAYS,Miscellaneous Symbols,0.402,0.5980000000000001
üåÖ,0x1f305,42,0.604,0.156,0.333,0.511,0.356,SUNRISE,Miscellaneous Symbols and Pictographs,0.3225,0.6775
üá∑,0x1f1f7,42,0.716,0.044,0.244,0.711,0.667,REGIONAL INDICATOR SYMBOL LETTER R,Enclosed Alphanumeric Supplement,0.16599999999999998,0.833
üë†,0x1f460,42,0.637,0.156,0.333,0.511,0.356,HIGH-HEELED SHOE,Miscellaneous Symbols and Pictographs,0.3225,0.6775
üåΩ,0x1f33d,42,0.649,0.133,0.289,0.578,0.444,EAR OF MAIZE,Miscellaneous Symbols and Pictographs,0.27749999999999997,0.7224999999999999
üíß,0x1f4a7,41,0.768,0.477,0.205,0.318,-0.159,DROPLET,Miscellaneous Symbols and Pictographs,0.5795,0.4205
‚ùì,0x2753,41,0.615,0.182,0.568,0.25,0.068,BLACK QUESTION MARK ORNAMENT,Dingbats,0.46599999999999997,0.534
üç¨,0x1f36c,41,0.784,0.205,0.227,0.568,0.364,CANDY,Miscellaneous Symbols and Pictographs,0.3185,0.6815
üò∫,0x1f63a,40,0.826,0.209,0.186,0.605,0.395,SMILING CAT FACE WITH OPEN MOUTH,Emoticons,0.302,0.698
üê¥,0x1f434,40,0.796,0.209,0.512,0.279,0.07,HORSE FACE,Miscellaneous Symbols and Pictographs,0.46499999999999997,0.535
üöÄ,0x1f680,40,0.698,0.07,0.372,0.558,0.488,ROCKET,Transport and Map Symbols,0.256,0.744
¬¶,0xa6,40,0.402,0.186,0.047,0.767,0.581,BROKEN BAR,Latin-1 Supplement,0.2095,0.7905
üí¢,0x1f4a2,40,0.561,0.163,0.442,0.395,0.233,ANGER SYMBOL,Miscellaneous Symbols and Pictographs,0.384,0.616
üé¨,0x1f3ac,40,0.65,0.07,0.581,0.349,0.279,CLAPPER BOARD,Miscellaneous Symbols and Pictographs,0.3605,0.6395
üçß,0x1f367,40,0.675,0.233,0.233,0.535,0.302,SHAVED ICE,Miscellaneous Symbols and Pictographs,0.34950000000000003,0.6515000000000001
üçú,0x1f35c,40,0.578,0.233,0.14,0.628,0.395,STEAMING BOWL,Miscellaneous Symbols and Pictographs,0.30300000000000005,0.698
üêè,0x1f40f,40,0.976,0.07,0.302,0.628,0.558,RAM,Miscellaneous Symbols and Pictographs,0.221,0.779
üêò,0x1f418,40,0.722,0.233,0.512,0.256,0.023,ELEPHANT,Miscellaneous Symbols and Pictographs,0.489,0.512
üëß,0x1f467,40,0.649,0.256,0.349,0.395,0.14,GIRL,Miscellaneous Symbols and Pictographs,0.4305,0.5695
‚†Ä,0x2800,40,0.378,0.163,0.628,0.209,0.047,BRAILLE PATTERN BLANK,Braille Patterns,0.477,0.523
üèÑ,0x1f3c4,39,0.773,0.071,0.333,0.595,0.524,SURFER,Miscellaneous Symbols and Pictographs,0.2375,0.7615
‚û§,0x27a4,39,0.382,0.024,0.643,0.333,0.31,BLACK RIGHTWARDS ARROWHEAD,Dingbats,0.34550000000000003,0.6545000000000001
‚¨Ü,0x2b06,39,0.606,0.048,0.619,0.333,0.286,UPWARDS BLACK ARROW,Miscellaneous Symbols and Arrows,0.3575,0.6425000000000001
üçã,0x1f34b,38,0.743,0.171,0.415,0.415,0.244,LEMON,Miscellaneous Symbols and Pictographs,0.3785,0.6224999999999999
üÜó,0x1f197,38,0.852,0.171,0.122,0.707,0.537,SQUARED OK,Enclosed Alphanumeric Supplement,0.232,0.768
‚ö™,0x26aa,37,0.565,0.025,0.5,0.475,0.45,MEDIUM WHITE CIRCLE,Miscellaneous Symbols,0.275,0.725
üì∫,0x1f4fa,37,0.614,0.1,0.425,0.475,0.375,TELEVISION,Miscellaneous Symbols and Pictographs,0.3125,0.6875
üçÖ,0x1f345,37,0.838,0.25,0.15,0.6,0.35,TOMATO,Miscellaneous Symbols and Pictographs,0.325,0.6749999999999999
‚õÖ,0x26c5,37,0.616,0.125,0.3,0.575,0.45,SUN BEHIND CLOUD,Miscellaneous Symbols,0.275,0.725
üê¢,0x1f422,37,0.622,0.175,0.45,0.375,0.2,TURTLE,Miscellaneous Symbols and Pictographs,0.4,0.6
üëô,0x1f459,37,0.697,0.1,0.3,0.6,0.5,BIKINI,Miscellaneous Symbols and Pictographs,0.25,0.75
üè°,0x1f3e1,36,0.744,0.154,0.256,0.59,0.436,HOUSE WITH GARDEN,Miscellaneous Symbols and Pictographs,0.28200000000000003,0.718
üåæ,0x1f33e,36,0.558,0.154,0.154,0.692,0.538,EAR OF RICE,Miscellaneous Symbols and Pictographs,0.23099999999999998,0.7689999999999999
‚óâ,0x25c9,36,0.047,0.026,0.692,0.282,0.256,FISHEYE,Geometric Shapes,0.372,0.6279999999999999
‚úè,0x270f,35,0.625,0.105,0.447,0.447,0.342,PENCIL,Dingbats,0.3285,0.6705
üê¨,0x1f42c,35,0.747,0.079,0.421,0.5,0.421,DOLPHIN,Miscellaneous Symbols and Pictographs,0.2895,0.7105
üç§,0x1f364,35,0.513,0.184,0.579,0.237,0.053,FRIED SHRIMP,Miscellaneous Symbols and Pictographs,0.4735,0.5265
üáπ,0x1f1f9,35,0.584,0.026,0.368,0.605,0.579,REGIONAL INDICATOR SYMBOL LETTER T,Enclosed Alphanumeric Supplement,0.21,0.7889999999999999
‚ô£,0x2663,35,0.666,0.132,0.395,0.474,0.342,BLACK CLUB SUIT,Miscellaneous Symbols,0.3295,0.6715
üêù,0x1f41d,35,0.735,0.158,0.474,0.368,0.211,HONEYBEE,Miscellaneous Symbols and Pictographs,0.395,0.605
üåù,0x1f31d,34,0.718,0.162,0.486,0.351,0.189,FULL MOON WITH FACE,Miscellaneous Symbols and Pictographs,0.405,0.594
üáÆ,0x1f1ee,34,0.576,0.027,0.351,0.622,0.595,REGIONAL INDICATOR SYMBOL LETTER I,Enclosed Alphanumeric Supplement,0.20249999999999999,0.7975
üîã,0x1f50b,34,0.583,0.622,0.243,0.135,-0.486,BATTERY,Miscellaneous Symbols and Pictographs,0.7435,0.2565
üêç,0x1f40d,34,0.623,0.108,0.432,0.459,0.351,SNAKE,Miscellaneous Symbols and Pictographs,0.324,0.675
‚ôî,0x2654,34,0.589,0.027,0.405,0.568,0.541,WHITE CHESS KING,Miscellaneous Symbols,0.2295,0.7705
üç≥,0x1f373,33,0.798,0.389,0.194,0.417,0.028,COOKING,Miscellaneous Symbols and Pictographs,0.486,0.514
üîµ,0x1f535,33,0.681,0.139,0.417,0.444,0.306,LARGE BLUE CIRCLE,Miscellaneous Symbols and Pictographs,0.34750000000000003,0.6525
üòæ,0x1f63e,33,0.915,0.583,0.167,0.25,-0.333,POUTING CAT FACE,Emoticons,0.6665,0.3335
üåï,0x1f315,33,0.642,0.111,0.222,0.667,0.556,FULL MOON SYMBOL,Miscellaneous Symbols and Pictographs,0.222,0.778
üê®,0x1f428,33,0.696,0.139,0.278,0.583,0.444,KOALA,Miscellaneous Symbols and Pictographs,0.278,0.722
üîê,0x1f510,33,0.845,0.194,0.278,0.528,0.333,CLOSED LOCK WITH KEY,Miscellaneous Symbols and Pictographs,0.333,0.667
üíø,0x1f4bf,33,0.444,0.028,0.333,0.639,0.611,OPTICAL DISC,Miscellaneous Symbols and Pictographs,0.1945,0.8055
‚ùÅ,0x2741,33,0.493,0.028,0.889,0.083,0.056,EIGHT PETALLED OUTLINED BLACK FLORETTE,Dingbats,0.47250000000000003,0.5275
üå≥,0x1f333,32,0.536,0.086,0.343,0.571,0.486,DECIDUOUS TREE,Miscellaneous Symbols and Pictographs,0.2575,0.7424999999999999
üë∞,0x1f470,32,0.787,0.114,0.286,0.6,0.486,BRIDE WITH VEIL,Miscellaneous Symbols and Pictographs,0.257,0.743
‚ùÄ,0x2740,32,0.444,0.029,0.543,0.429,0.4,WHITE FLORETTE,Dingbats,0.30050000000000004,0.7005
‚öì,0x2693,32,0.593,0.086,0.257,0.657,0.571,ANCHOR,Miscellaneous Symbols,0.2145,0.7855000000000001
üö¥,0x1f6b4,32,0.573,0.029,0.286,0.686,0.657,BICYCLIST,Transport and Map Symbols,0.172,0.8290000000000001
‚ñÄ,0x2580,32,0.25,0.314,0.514,0.171,-0.143,UPPER HALF BLOCK,Block Elements,0.571,0.42800000000000005
üëó,0x1f457,31,0.703,0.176,0.412,0.412,0.235,DRESS,Miscellaneous Symbols and Pictographs,0.382,0.618
‚ûï,0x2795,31,0.034,0.147,0.176,0.676,0.529,HEAVY PLUS SIGN,Dingbats,0.235,0.764
üí¨,0x1f4ac,30,0.635,0.152,0.333,0.515,0.364,SPEECH BALLOON,Miscellaneous Symbols and Pictographs,0.3185,0.6815
‚ñí,0x2592,30,0.501,0.091,0.848,0.061,-0.03,MEDIUM SHADE,Block Elements,0.515,0.485
üîú,0x1f51c,30,0.606,0.182,0.364,0.455,0.273,SOON WITH RIGHTWARDS ARROW ABOVE,Miscellaneous Symbols and Pictographs,0.364,0.637
üç®,0x1f368,30,0.657,0.273,0.242,0.485,0.212,ICE CREAM,Miscellaneous Symbols and Pictographs,0.394,0.606
üí≤,0x1f4b2,30,0.794,0.03,0.697,0.273,0.242,HEAVY DOLLAR SIGN,Miscellaneous Symbols and Pictographs,0.37849999999999995,0.6214999999999999
‚õΩ,0x26fd,30,0.287,0.061,0.727,0.212,0.152,FUEL PUMP,Miscellaneous Symbols,0.4245,0.5755
üçô,0x1f359,29,0.566,0.188,0.344,0.469,0.281,RICE BALL,Miscellaneous Symbols and Pictographs,0.36,0.641
üçó,0x1f357,29,0.675,0.313,0.313,0.375,0.063,POULTRY LEG,Miscellaneous Symbols and Pictographs,0.46950000000000003,0.5315
üç≤,0x1f372,29,0.673,0.25,0.375,0.375,0.125,POT OF FOOD,Miscellaneous Symbols and Pictographs,0.4375,0.5625
üç•,0x1f365,29,0.58,0.719,0.156,0.125,-0.594,FISH CAKE WITH SWIRL DESIGN,Miscellaneous Symbols and Pictographs,0.7969999999999999,0.203
‚ñ∏,0x25b8,29,0.517,0.031,0.719,0.25,0.219,BLACK RIGHT-POINTING SMALL TRIANGLE,Geometric Shapes,0.39049999999999996,0.6094999999999999
‚ôõ,0x265b,29,0.49,0.156,0.5,0.344,0.188,BLACK CHESS QUEEN,Miscellaneous Symbols,0.406,0.594
üòº,0x1f63c,28,0.856,0.194,0.258,0.548,0.355,CAT FACE WITH WRY SMILE,Emoticons,0.323,0.677
üêô,0x1f419,28,0.678,0.097,0.419,0.484,0.387,OCTOPUS,Miscellaneous Symbols and Pictographs,0.3065,0.6935
üë®,0x1f468,28,0.694,0.097,0.29,0.613,0.516,MAN,Miscellaneous Symbols and Pictographs,0.242,0.758
üçö,0x1f35a,28,0.637,0.226,0.097,0.677,0.452,COOKED RICE,Miscellaneous Symbols and Pictographs,0.2745,0.7255
üçñ,0x1f356,28,0.679,0.258,0.355,0.387,0.129,MEAT ON BONE,Miscellaneous Symbols and Pictographs,0.4355,0.5645
‚ô®,0x2668,28,0.665,0.032,0.065,0.903,0.871,HOT SPRINGS,Miscellaneous Symbols,0.0645,0.9355
üéπ,0x1f3b9,28,0.466,0.032,0.581,0.387,0.355,MUSICAL KEYBOARD,Miscellaneous Symbols and Pictographs,0.3225,0.6775
‚ôï,0x2655,28,0.621,0.032,0.548,0.419,0.387,WHITE CHESS QUEEN,Miscellaneous Symbols,0.30600000000000005,0.6930000000000001
‚ñÉ,0x2583,28,0.373,0.032,0.032,0.935,0.903,LOWER THREE EIGHTHS BLOCK,Block Elements,0.048,0.9510000000000001
üöò,0x1f698,27,0.65,0.3,0.333,0.367,0.067,ONCOMING AUTOMOBILE,Transport and Map Symbols,0.4665,0.5335
üçè,0x1f34f,27,0.852,0.267,0.4,0.333,0.067,GREEN APPLE,Miscellaneous Symbols and Pictographs,0.467,0.533
üë©,0x1f469,27,0.732,0.333,0.267,0.4,0.067,WOMAN,Miscellaneous Symbols and Pictographs,0.4665,0.5335000000000001
üë¶,0x1f466,27,0.606,0.2,0.467,0.333,0.133,BOY,Miscellaneous Symbols and Pictographs,0.4335,0.5665
üá¨,0x1f1ec,27,0.582,0.1,0.533,0.367,0.267,REGIONAL INDICATOR SYMBOL LETTER G,Enclosed Alphanumeric Supplement,0.36650000000000005,0.6335
üáß,0x1f1e7,27,0.595,0.1,0.533,0.367,0.267,REGIONAL INDICATOR SYMBOL LETTER B,Enclosed Alphanumeric Supplement,0.36650000000000005,0.6335
‚ò†,0x2620,27,0.749,0.267,0.5,0.233,-0.033,SKULL AND CROSSBONES,Miscellaneous Symbols,0.517,0.483
üê†,0x1f420,26,0.768,0.172,0.241,0.586,0.414,TROPICAL FISH,Miscellaneous Symbols and Pictographs,0.2925,0.7064999999999999
üöπ,0x1f6b9,26,0.812,0.069,0.172,0.759,0.69,MENS SYMBOL,Transport and Map Symbols,0.155,0.845
üíµ,0x1f4b5,26,0.807,0.138,0.345,0.517,0.379,BANKNOTE WITH DOLLAR SIGN,Miscellaneous Symbols and Pictographs,0.3105,0.6895
‚ú∞,0x2730,26,0.195,0.034,0.138,0.828,0.793,SHADOWED WHITE STAR,Dingbats,0.10300000000000001,0.897
‚ï†,0x2560,26,0.543,0.034,0.724,0.241,0.207,BOX DRAWINGS DOUBLE VERTICAL AND RIGHT,Box Drawing,0.396,0.603
üëõ,0x1f45b,25,0.696,0.179,0.286,0.536,0.357,PURSE,Miscellaneous Symbols and Pictographs,0.32199999999999995,0.679
üöô,0x1f699,25,0.653,0.214,0.536,0.25,0.036,RECREATIONAL VEHICLE,Transport and Map Symbols,0.482,0.518
üå±,0x1f331,25,0.561,0.036,0.357,0.607,0.571,SEEDLING,Miscellaneous Symbols and Pictographs,0.2145,0.7855
üíª,0x1f4bb,25,0.489,0.071,0.607,0.321,0.25,PERSONAL COMPUTER,Miscellaneous Symbols and Pictographs,0.3745,0.6245
üåè,0x1f30f,25,0.681,0.143,0.393,0.464,0.321,EARTH GLOBE ASIA-AUSTRALIA,Miscellaneous Symbols and Pictographs,0.3395,0.6605000000000001
‚ñÑ,0x2584,25,0.464,0.321,0.429,0.25,-0.071,LOWER HALF BLOCK,Block Elements,0.5355,0.4645
üëì,0x1f453,24,0.514,0.037,0.63,0.333,0.296,EYEGLASSES,Miscellaneous Symbols and Pictographs,0.352,0.648
‚óÑ,0x25c4,24,0.672,0.037,0.704,0.259,0.222,BLACK LEFT-POINTING POINTER,Geometric Shapes,0.38899999999999996,0.611
‚öæ,0x26be,24,0.214,0.37,0.296,0.333,-0.037,BASEBALL,Miscellaneous Symbols,0.518,0.481
üå≤,0x1f332,23,0.496,0.115,0.385,0.5,0.385,EVERGREEN TREE,Miscellaneous Symbols and Pictographs,0.3075,0.6925
üë¥,0x1f474,23,0.784,0.231,0.308,0.462,0.231,OLDER MAN,Miscellaneous Symbols and Pictographs,0.385,0.616
üè†,0x1f3e0,23,0.642,0.077,0.346,0.577,0.5,HOUSE BUILDING,Miscellaneous Symbols and Pictographs,0.25,0.75
üçá,0x1f347,23,0.584,0.231,0.269,0.5,0.269,GRAPES,Miscellaneous Symbols and Pictographs,0.36550000000000005,0.6345000000000001
üçò,0x1f358,23,0.621,0.231,0.154,0.615,0.385,RICE CRACKER,Miscellaneous Symbols and Pictographs,0.308,0.692
üçõ,0x1f35b,23,0.585,0.346,0.269,0.385,0.038,CURRY AND RICE,Miscellaneous Symbols and Pictographs,0.4805,0.5195000000000001
üêá,0x1f407,23,0.967,0.192,0.385,0.423,0.231,RABBIT,Miscellaneous Symbols and Pictographs,0.3845,0.6154999999999999
üîû,0x1f51e,23,0.814,0.269,0.5,0.231,-0.038,NO ONE UNDER EIGHTEEN SYMBOL,Miscellaneous Symbols and Pictographs,0.519,0.481
üëµ,0x1f475,23,0.818,0.231,0.115,0.654,0.423,OLDER WOMAN,Miscellaneous Symbols and Pictographs,0.28850000000000003,0.7115
‚óÄ,0x25c0,23,0.221,0.038,0.654,0.308,0.269,BLACK LEFT-POINTING TRIANGLE,Geometric Shapes,0.365,0.635
üîô,0x1f519,23,0.144,0.115,0.577,0.308,0.192,BACK WITH LEFTWARDS ARROW ABOVE,Miscellaneous Symbols and Pictographs,0.40349999999999997,0.5965
üåµ,0x1f335,23,0.67,0.269,0.269,0.462,0.192,CACTUS,Miscellaneous Symbols and Pictographs,0.4035,0.5965
üêΩ,0x1f43d,22,0.648,0.24,0.4,0.36,0.12,PIG NOSE,Miscellaneous Symbols and Pictographs,0.44,0.56
üçÆ,0x1f36e,22,0.701,0.44,0.24,0.32,-0.12,CUSTARD,Miscellaneous Symbols and Pictographs,0.56,0.44
üéá,0x1f387,22,0.821,0.08,0.16,0.76,0.68,FIREWORK SPARKLER,Miscellaneous Symbols and Pictographs,0.16,0.84
üêé,0x1f40e,22,0.698,0.12,0.36,0.52,0.4,HORSE,Miscellaneous Symbols and Pictographs,0.3,0.7
‚ûî,0x2794,22,0.541,0.16,0.8,0.04,-0.12,HEAVY WIDE-HEADED RIGHTWARDS ARROW,Dingbats,0.56,0.44
üí∂,0x1f4b6,22,0.748,0.16,0.68,0.16,0,BANKNOTE WITH EURO SIGN,Miscellaneous Symbols and Pictographs,0.5,0.5
üê§,0x1f424,22,0.838,0.08,0.32,0.6,0.52,BABY CHICK,Miscellaneous Symbols and Pictographs,0.24,0.76
‚ï©,0x2569,22,0.811,0.04,0.72,0.24,0.2,BOX DRAWINGS DOUBLE UP AND HORIZONTAL,Box Drawing,0.39999999999999997,0.6
üõÄ,0x1f6c0,21,0.904,0.292,0.292,0.417,0.125,BATH,Transport and Map Symbols,0.43799999999999994,0.563
üåë,0x1f311,21,0.604,0.125,0.292,0.583,0.458,NEW MOON SYMBOL,Miscellaneous Symbols and Pictographs,0.271,0.729
üö≤,0x1f6b2,21,0.583,0.083,0.458,0.458,0.375,BICYCLE,Transport and Map Symbols,0.312,0.687
üêë,0x1f411,21,0.922,0.292,0.583,0.125,-0.167,SHEEP,Miscellaneous Symbols and Pictographs,0.5834999999999999,0.4165
üèÅ,0x1f3c1,21,0.618,0.042,0.417,0.542,0.5,CHEQUERED FLAG,Miscellaneous Symbols and Pictographs,0.2505,0.7505000000000001
üçû,0x1f35e,21,0.711,0.292,0.375,0.333,0.042,BREAD,Miscellaneous Symbols and Pictographs,0.4795,0.5205
üéæ,0x1f3be,21,0.82,0.125,0.208,0.667,0.542,TENNIS RACQUET AND BALL,Miscellaneous Symbols and Pictographs,0.22899999999999998,0.771
‚ïö,0x255a,21,0.714,0.042,0.625,0.333,0.292,BOX DRAWINGS DOUBLE UP AND RIGHT,Box Drawing,0.3545,0.6455
üàπ,0x1f239,21,0.35,0.083,0.542,0.375,0.292,SQUARED CJK UNIFIED IDEOGRAPH-5272,Enclosed Ideographic Supplement,0.35400000000000004,0.646
üê≥,0x1f433,20,0.656,0.217,0.435,0.348,0.13,SPOUTING WHALE,Miscellaneous Symbols and Pictographs,0.4345,0.5655
üëÆ,0x1f46e,20,0.742,0.478,0.391,0.13,-0.348,POLICE OFFICER,Miscellaneous Symbols and Pictographs,0.6735,0.3255
‚òπ,0x2639,20,0.777,0.652,0.217,0.13,-0.522,WHITE FROWNING FACE,Miscellaneous Symbols,0.7605000000000001,0.2385
üêµ,0x1f435,20,0.631,0.087,0.348,0.565,0.478,MONKEY FACE,Miscellaneous Symbols and Pictographs,0.261,0.7389999999999999
‚ú™,0x272a,20,0.288,0.043,0.609,0.348,0.304,CIRCLED WHITE STAR,Dingbats,0.3475,0.6525
‚óï,0x25d5,20,0.594,0.043,0.478,0.478,0.435,CIRCLE WITH ALL BUT UPPER LEFT QUADRANT BLACK,Geometric Shapes,0.282,0.717
üóº,0x1f5fc,20,0.654,0.087,0.304,0.609,0.522,TOKYO TOWER,Miscellaneous Symbols and Pictographs,0.239,0.761
‚ñê,0x2590,20,0.304,0.217,0.696,0.087,-0.13,RIGHT HALF BLOCK,Block Elements,0.565,0.43499999999999994
‚ô†,0x2660,20,0.533,0.043,0.609,0.348,0.304,BLACK SPADE SUIT,Miscellaneous Symbols,0.3475,0.6525
‚î≥,0x2533,20,0.399,0.478,0.391,0.13,-0.348,BOX DRAWINGS HEAVY DOWN AND HORIZONTAL,Box Drawing,0.6735,0.3255
üë∫,0x1f47a,19,0.825,0.409,0.364,0.227,-0.182,JAPANESE GOBLIN,Miscellaneous Symbols and Pictographs,0.591,0.40900000000000003
üêö,0x1f41a,19,0.526,0.091,0.591,0.318,0.227,SPIRAL SHELL,Miscellaneous Symbols and Pictographs,0.38649999999999995,0.6134999999999999
üëÇ,0x1f442,19,0.682,0.364,0.409,0.227,-0.136,EAR,Miscellaneous Symbols and Pictographs,0.5685,0.4315
üóΩ,0x1f5fd,19,0.651,0.091,0.5,0.409,0.318,STATUE OF LIBERTY,Miscellaneous Symbols and Pictographs,0.34099999999999997,0.659
üçµ,0x1f375,19,0.65,0.182,0.273,0.545,0.364,TEACUP WITHOUT HANDLE,Miscellaneous Symbols and Pictographs,0.3185,0.6815
üÜí,0x1f192,19,0.628,0.045,0.545,0.409,0.364,SQUARED COOL,Enclosed Alphanumeric Supplement,0.3175,0.6815
üçØ,0x1f36f,19,0.78,0.364,0.227,0.409,0.045,HONEY POT,Miscellaneous Symbols and Pictographs,0.4775,0.5225
üê∫,0x1f43a,19,0.735,0.136,0.5,0.364,0.227,WOLF FACE,Miscellaneous Symbols and Pictographs,0.386,0.614
‚á®,0x21e8,19,0.541,0.045,0.455,0.5,0.455,RIGHTWARDS WHITE ARROW,Arrows,0.2725,0.7275
‚û®,0x27a8,19,0.558,0.136,0.591,0.273,0.136,HEAVY CONCAVE-POINTED BLACK RIGHTWARDS ARROW,Dingbats,0.4315,0.5685
üåì,0x1f313,19,0.458,0.045,0.318,0.636,0.591,FIRST QUARTER MOON SYMBOL,Miscellaneous Symbols and Pictographs,0.20400000000000001,0.795
üîí,0x1f512,19,0.939,0.273,0.273,0.455,0.182,LOCK,Miscellaneous Symbols and Pictographs,0.40950000000000003,0.5915
‚ï¨,0x256c,19,0.322,0.318,0.5,0.182,-0.136,BOX DRAWINGS DOUBLE VERTICAL AND HORIZONTAL,Box Drawing,0.5680000000000001,0.432
üë≥,0x1f473,18,0.816,0.143,0.095,0.762,0.619,MAN WITH TURBAN,Miscellaneous Symbols and Pictographs,0.1905,0.8095
üåÇ,0x1f302,18,0.785,0.143,0.476,0.381,0.238,CLOSED UMBRELLA,Miscellaneous Symbols and Pictographs,0.381,0.619
üöå,0x1f68c,18,0.636,0.143,0.524,0.333,0.19,BUS,Transport and Map Symbols,0.405,0.595
‚ô©,0x2669,18,0.792,0.048,0.381,0.571,0.524,QUARTER NOTE,Miscellaneous Symbols,0.2385,0.7615
üç°,0x1f361,18,0.7,0.286,0.476,0.238,-0.048,DANGO,Miscellaneous Symbols and Pictographs,0.524,0.476
‚ù•,0x2765,18,0.44,0.048,0.667,0.286,0.238,ROTATED HEAVY BLACK HEART BULLET,Dingbats,0.3815,0.6194999999999999
üé°,0x1f3a1,18,0.506,0.095,0.524,0.381,0.286,FERRIS WHEEL,Miscellaneous Symbols and Pictographs,0.357,0.643
üíå,0x1f48c,17,0.805,0.15,0.2,0.65,0.5,LOVE LETTER,Miscellaneous Symbols and Pictographs,0.25,0.75
üê©,0x1f429,17,0.87,0.05,0.55,0.4,0.35,POODLE,Miscellaneous Symbols and Pictographs,0.325,0.675
üåú,0x1f31c,17,0.604,0.05,0.4,0.55,0.5,LAST QUARTER MOON WITH FACE,Miscellaneous Symbols and Pictographs,0.25,0.75
‚åö,0x231a,17,0.649,0.15,0.5,0.35,0.2,WATCH,Miscellaneous Technical,0.4,0.6
üöø,0x1f6bf,17,0.669,0.1,0.2,0.7,0.6,SHOWER,Transport and Map Symbols,0.2,0.7999999999999999
üêñ,0x1f416,17,0.814,0.05,0.75,0.2,0.15,PIG,Miscellaneous Symbols and Pictographs,0.425,0.575
üîÜ,0x1f506,17,0.605,0.05,0.35,0.6,0.55,HIGH BRIGHTNESS SYMBOL,Miscellaneous Symbols and Pictographs,0.22499999999999998,0.7749999999999999
üåõ,0x1f31b,17,0.68,0.05,0.35,0.6,0.55,FIRST QUARTER MOON WITH FACE,Miscellaneous Symbols and Pictographs,0.22499999999999998,0.7749999999999999
üíÇ,0x1f482,17,0.691,0.45,0.25,0.3,-0.15,GUARDSMAN,Miscellaneous Symbols and Pictographs,0.575,0.425
üêî,0x1f414,17,0.627,0.1,0.5,0.4,0.3,CHICKEN,Miscellaneous Symbols and Pictographs,0.35,0.65
üôé,0x1f64e,17,0.641,0.45,0.15,0.4,-0.05,PERSON WITH POUTING FACE,Emoticons,0.525,0.47500000000000003
üè©,0x1f3e9,16,0.587,0.158,0.263,0.579,0.421,LOVE HOTEL,Miscellaneous Symbols and Pictographs,0.2895,0.7104999999999999
üá´,0x1f1eb,16,0.718,0.053,0.421,0.526,0.474,REGIONAL INDICATOR SYMBOL LETTER F,Enclosed Alphanumeric Supplement,0.2635,0.7365
üî®,0x1f528,16,0.739,0.368,0.368,0.263,-0.105,HAMMER,Miscellaneous Symbols and Pictographs,0.552,0.447
üì¢,0x1f4e2,16,0.546,0.053,0.474,0.474,0.421,PUBLIC ADDRESS LOUDSPEAKER,Miscellaneous Symbols and Pictographs,0.29,0.711
üê¶,0x1f426,16,0.758,0.053,0.474,0.474,0.421,BIRD,Miscellaneous Symbols and Pictographs,0.29,0.711
üê≤,0x1f432,16,0.458,0.158,0.737,0.105,-0.053,DRAGON FACE,Miscellaneous Symbols and Pictographs,0.5265,0.4735
‚ôª,0x267b,16,0.439,0.053,0.421,0.526,0.474,BLACK UNIVERSAL RECYCLING SYMBOL,Miscellaneous Symbols,0.2635,0.7365
üåò,0x1f318,16,0.578,0.053,0.316,0.632,0.579,WANING CRESCENT MOON SYMBOL,Miscellaneous Symbols and Pictographs,0.211,0.79
üçê,0x1f350,16,0.845,0.316,0.211,0.474,0.158,PEAR,Miscellaneous Symbols and Pictographs,0.4215,0.5795
üåî,0x1f314,16,0.447,0.053,0.316,0.632,0.579,WAXING GIBBOUS MOON SYMBOL,Miscellaneous Symbols and Pictographs,0.211,0.79
‚ï•,0x2565,16,0.869,0.368,0.158,0.474,0.105,BOX DRAWINGS DOWN DOUBLE AND HORIZONTAL SINGLE,Box Drawing,0.447,0.5529999999999999
‚ùä,0x274a,16,0.452,0.053,0.895,0.053,0,EIGHT TEARDROP-SPOKED PROPELLER ASTERISK,Dingbats,0.5005000000000001,0.5005000000000001
üëñ,0x1f456,15,0.91,0.111,0.444,0.444,0.333,JEANS,Miscellaneous Symbols and Pictographs,0.333,0.666
üö∫,0x1f6ba,15,0.677,0.167,0.5,0.333,0.167,WOMENS SYMBOL,Transport and Map Symbols,0.41700000000000004,0.583
üòó,0x1f617,15,0.714,0.111,0.167,0.722,0.611,KISSING FACE,Emoticons,0.1945,0.8055
üé≠,0x1f3ad,15,0.658,0.333,0.333,0.333,0,PERFORMING ARTS,Miscellaneous Symbols and Pictographs,0.49950000000000006,0.49950000000000006
üêÑ,0x1f404,15,0.826,0.167,0.389,0.444,0.278,COW,Miscellaneous Symbols and Pictographs,0.36150000000000004,0.6385000000000001
‚óü,0x25df,15,0.647,0.167,0.722,0.111,-0.056,LOWER LEFT QUADRANT CIRCULAR ARC,Geometric Shapes,0.528,0.472
üç¢,0x1f362,15,0.684,0.333,0.444,0.222,-0.111,ODEN,Miscellaneous Symbols and Pictographs,0.555,0.444
üé®,0x1f3a8,15,0.491,0.111,0.611,0.278,0.167,ARTIST PALETTE,Miscellaneous Symbols and Pictographs,0.4165,0.5835
‚¨á,0x2b07,15,0.632,0.167,0.278,0.556,0.389,DOWNWARDS BLACK ARROW,Miscellaneous Symbols and Arrows,0.30600000000000005,0.6950000000000001
üöº,0x1f6bc,15,0.693,0.056,0.333,0.611,0.556,BABY SYMBOL,Transport and Map Symbols,0.2225,0.7775
‚õ≤,0x26f2,15,0.697,0.111,0.722,0.167,0.056,FOUNTAIN,Miscellaneous Symbols,0.472,0.528
‚ñÅ,0x2581,15,0.711,0.056,0.889,0.056,0,LOWER ONE EIGHTH BLOCK,Block Elements,0.5005000000000001,0.5005000000000001
üá¥,0x1f1f4,15,0.676,0.056,0.556,0.389,0.333,REGIONAL INDICATOR SYMBOL LETTER O,Enclosed Alphanumeric Supplement,0.334,0.667
üåó,0x1f317,15,0.547,0.056,0.278,0.667,0.611,LAST QUARTER MOON SYMBOL,Miscellaneous Symbols and Pictographs,0.195,0.806
üåñ,0x1f316,15,0.535,0.056,0.278,0.667,0.611,WANING GIBBOUS MOON SYMBOL,Miscellaneous Symbols and Pictographs,0.195,0.806
üîÖ,0x1f505,15,0.635,0.056,0.056,0.889,0.833,LOW BRIGHTNESS SYMBOL,Miscellaneous Symbols and Pictographs,0.084,0.917
üëú,0x1f45c,14,0.675,0.176,0.412,0.412,0.235,HANDBAG,Miscellaneous Symbols and Pictographs,0.382,0.618
üêå,0x1f40c,14,0.421,0.059,0.235,0.706,0.647,SNAIL,Miscellaneous Symbols and Pictographs,0.1765,0.8234999999999999
üíº,0x1f4bc,14,0.573,0.118,0.235,0.647,0.529,BRIEFCASE,Miscellaneous Symbols and Pictographs,0.2355,0.7645
üöï,0x1f695,14,0.526,0.235,0.529,0.235,0,TAXI,Transport and Map Symbols,0.4995,0.4995
üêπ,0x1f439,14,0.744,0.235,0.235,0.529,0.294,HAMSTER FACE,Miscellaneous Symbols and Pictographs,0.3525,0.6465000000000001
üå†,0x1f320,14,0.761,0.176,0.118,0.706,0.529,SHOOTING STAR,Miscellaneous Symbols and Pictographs,0.235,0.7649999999999999
üêà,0x1f408,14,0.645,0.059,0.588,0.353,0.294,CAT,Miscellaneous Symbols and Pictographs,0.353,0.647
‚áß,0x21e7,14,0.461,0.059,0.765,0.176,0.118,UPWARDS WHITE ARROW,Arrows,0.4415,0.5585
‚òé,0x260e,14,0.837,0.176,0.647,0.176,0,BLACK TELEPHONE,Miscellaneous Symbols,0.4995,0.4995
üåÅ,0x1f301,14,0.744,0.118,0.588,0.294,0.176,FOGGY,Miscellaneous Symbols and Pictographs,0.412,0.588
‚ö´,0x26ab,14,0.441,0.235,0.294,0.471,0.235,MEDIUM BLACK CIRCLE,Miscellaneous Symbols,0.382,0.618
‚ôß,0x2667,14,0.775,0.059,0.412,0.529,0.471,WHITE CLUB SUIT,Miscellaneous Symbols,0.265,0.735
üè∞,0x1f3f0,14,0.434,0.118,0.471,0.412,0.294,EUROPEAN CASTLE,Miscellaneous Symbols and Pictographs,0.3535,0.6475
üöµ,0x1f6b5,14,0.556,0.059,0.529,0.412,0.353,MOUNTAIN BICYCLIST,Transport and Map Symbols,0.3235,0.6765
üé¢,0x1f3a2,14,0.826,0.118,0.294,0.588,0.471,ROLLER COASTER,Miscellaneous Symbols and Pictographs,0.265,0.735
üé∑,0x1f3b7,14,0.76,0.059,0.235,0.706,0.647,SAXOPHONE,Miscellaneous Symbols and Pictographs,0.1765,0.8234999999999999
üéê,0x1f390,14,0.291,0.059,0.706,0.235,0.176,WIND CHIME,Miscellaneous Symbols and Pictographs,0.412,0.588
‚îà,0x2508,14,0.793,0.765,0.059,0.176,-0.588,BOX DRAWINGS LIGHT QUADRUPLE DASH HORIZONTAL,Box Drawing,0.7945,0.2055
‚ïó,0x2557,14,0.361,0.059,0.529,0.412,0.353,BOX DRAWINGS DOUBLE DOWN AND LEFT,Box Drawing,0.3235,0.6765
‚ï±,0x2571,14,0.548,0.059,0.882,0.059,0,BOX DRAWINGS LIGHT DIAGONAL UPPER RIGHT TO LOWER LEFT,Box Drawing,0.5,0.5
üåá,0x1f307,13,0.543,0.063,0.375,0.563,0.5,SUNSET OVER BUILDINGS,Miscellaneous Symbols and Pictographs,0.2505,0.7505
‚è∞,0x23f0,13,0.646,0.188,0.188,0.625,0.438,ALARM CLOCK,Miscellaneous Technical,0.28200000000000003,0.719
‚á©,0x21e9,13,0.504,0.063,0.875,0.063,0,DOWNWARDS WHITE ARROW,Arrows,0.5005,0.5005
üöÇ,0x1f682,13,0.656,0.063,0.625,0.313,0.25,STEAM LOCOMOTIVE,Transport and Map Symbols,0.3755,0.6255
‚ó†,0x25e0,13,0.653,0.063,0.438,0.5,0.438,UPPER HALF CIRCLE,Geometric Shapes,0.28200000000000003,0.719
üéø,0x1f3bf,13,0.727,0.125,0.375,0.5,0.375,SKI AND SKI BOOT,Miscellaneous Symbols and Pictographs,0.3125,0.6875
‚ú¶,0x2726,13,0.402,0.063,0.813,0.125,0.063,BLACK FOUR POINTED STAR,Dingbats,0.4695,0.5315
üÜî,0x1f194,13,0.479,0.063,0.125,0.813,0.75,SQUARED ID,Enclosed Alphanumeric Supplement,0.1255,0.8755
‚õ™,0x26ea,13,0.387,0.188,0.5,0.313,0.125,CHURCH,Miscellaneous Symbols,0.438,0.563
üåí,0x1f312,13,0.446,0.063,0.313,0.625,0.563,WAXING CRESCENT MOON SYMBOL,Miscellaneous Symbols and Pictographs,0.2195,0.7815
üê™,0x1f42a,13,0.837,0.063,0.313,0.625,0.563,DROMEDARY CAMEL,Miscellaneous Symbols and Pictographs,0.2195,0.7815
‚ïî,0x2554,13,0.31,0.063,0.625,0.313,0.25,BOX DRAWINGS DOUBLE DOWN AND RIGHT,Box Drawing,0.3755,0.6255
‚ïù,0x255d,13,0.8,0.063,0.438,0.5,0.438,BOX DRAWINGS DOUBLE UP AND LEFT,Box Drawing,0.28200000000000003,0.719
üëî,0x1f454,12,0.52,0.2,0.267,0.533,0.333,NECKTIE,Miscellaneous Symbols and Pictographs,0.3335,0.6665000000000001
üî±,0x1f531,12,0.791,0.267,0.4,0.333,0.067,TRIDENT EMBLEM,Miscellaneous Symbols and Pictographs,0.467,0.533
üÜì,0x1f193,12,0.551,0.067,0.667,0.267,0.2,SQUARED FREE,Enclosed Alphanumeric Supplement,0.4005,0.6005
üêã,0x1f40b,12,0.866,0.2,0.4,0.4,0.2,WHALE,Miscellaneous Symbols and Pictographs,0.4,0.6000000000000001
‚ñΩ,0x25bd,12,0.844,0.133,0.333,0.533,0.4,WHITE DOWN-POINTING TRIANGLE,Geometric Shapes,0.2995,0.6995
‚ñÇ,0x2582,12,0.579,0.067,0.867,0.067,0,LOWER ONE QUARTER BLOCK,Block Elements,0.5005,0.5005
üêõ,0x1f41b,12,0.673,0.2,0.333,0.467,0.267,BUG,Miscellaneous Symbols and Pictographs,0.36650000000000005,0.6335000000000001
üëï,0x1f455,12,0.795,0.133,0.333,0.533,0.4,T-SHIRT,Miscellaneous Symbols and Pictographs,0.2995,0.6995
üöã,0x1f68b,12,0.318,0.067,0.8,0.133,0.067,TRAM CAR,Transport and Map Symbols,0.467,0.533
üí≥,0x1f4b3,12,0.834,0.133,0.333,0.533,0.4,CREDIT CARD,Miscellaneous Symbols and Pictographs,0.2995,0.6995
üåÜ,0x1f306,12,0.765,0.2,0.467,0.333,0.133,CITYSCAPE AT DUSK,Miscellaneous Symbols and Pictographs,0.4335,0.5665
üèß,0x1f3e7,12,0.888,0.067,0.067,0.867,0.8,AUTOMATED TELLER MACHINE,Miscellaneous Symbols and Pictographs,0.1005,0.9005
üí°,0x1f4a1,12,0.598,0.067,0.267,0.667,0.6,ELECTRIC LIGHT BULB,Miscellaneous Symbols and Pictographs,0.2005,0.8005
üîπ,0x1f539,12,0.17,0.2,0.467,0.333,0.133,SMALL BLUE DIAMOND,Miscellaneous Symbols and Pictographs,0.4335,0.5665
‚¨Ö,0x2b05,12,0.663,0.067,0.4,0.533,0.467,LEFTWARDS BLACK ARROW,Miscellaneous Symbols and Arrows,0.267,0.7330000000000001
üç†,0x1f360,12,0.939,0.4,0.2,0.4,0,ROASTED SWEET POTATO,Miscellaneous Symbols and Pictographs,0.5,0.5
üê´,0x1f42b,12,0.77,0.067,0.533,0.4,0.333,BACTRIAN CAMEL,Miscellaneous Symbols and Pictographs,0.3335,0.6665000000000001
üè™,0x1f3ea,12,0.374,0.2,0.533,0.267,0.067,CONVENIENCE STORE,Miscellaneous Symbols and Pictographs,0.4665,0.5335000000000001
€©,0x6e9,12,0.464,0.067,0.867,0.067,0,ARABIC PLACE OF SAJDAH,Arabic,0.5005,0.5005
üá±,0x1f1f1,12,0.713,0.067,0.467,0.467,0.4,REGIONAL INDICATOR SYMBOL LETTER L,Enclosed Alphanumeric Supplement,0.3005,0.7005
üìπ,0x1f4f9,11,0.718,0.143,0.286,0.571,0.429,VIDEO CAMERA,Miscellaneous Symbols and Pictographs,0.286,0.714
üëû,0x1f45e,11,0.779,0.143,0.286,0.571,0.429,MANS SHOE,Miscellaneous Symbols and Pictographs,0.286,0.714
üöë,0x1f691,11,0.758,0.286,0.357,0.357,0.071,AMBULANCE,Transport and Map Symbols,0.46449999999999997,0.5355
üÜò,0x1f198,11,0.775,0.357,0.214,0.429,0.071,SQUARED SOS,Enclosed Alphanumeric Supplement,0.46399999999999997,0.536
üëö,0x1f45a,11,0.81,0.071,0.286,0.643,0.571,WOMANS CLOTHES,Miscellaneous Symbols and Pictographs,0.21399999999999997,0.786
üöç,0x1f68d,11,0.66,0.357,0.214,0.429,0.071,ONCOMING BUS,Transport and Map Symbols,0.46399999999999997,0.536
‚ñ°,0x25a1,11,0.674,0.571,0.071,0.357,-0.214,WHITE SQUARE,Geometric Shapes,0.6064999999999999,0.39249999999999996
üêÇ,0x1f402,11,0.774,0.143,0.571,0.286,0.143,OX,Miscellaneous Symbols and Pictographs,0.4285,0.5714999999999999
üö£,0x1f6a3,11,0.713,0.071,0.286,0.643,0.571,ROWBOAT,Transport and Map Symbols,0.21399999999999997,0.786
‚ú≥,0x2733,11,0.372,0.071,0.857,0.071,0,EIGHT SPOKED ASTERISK,Dingbats,0.4995,0.4995
üèâ,0x1f3c9,11,0.837,0.071,0.357,0.571,0.5,RUGBY FOOTBALL,Miscellaneous Symbols and Pictographs,0.2495,0.7494999999999999
üóª,0x1f5fb,11,0.723,0.071,0.286,0.643,0.571,MOUNT FUJI,Miscellaneous Symbols and Pictographs,0.21399999999999997,0.786
üêÄ,0x1f400,11,0.701,0.143,0.571,0.286,0.143,RAT,Miscellaneous Symbols and Pictographs,0.4285,0.5714999999999999
‚ï¶,0x2566,11,0.22,0.071,0.5,0.429,0.357,BOX DRAWINGS DOUBLE DOWN AND HORIZONTAL,Box Drawing,0.321,0.679
‚õ∫,0x26fa,10,0.906,0.154,0.231,0.615,0.462,TENT,Miscellaneous Symbols,0.2695,0.7305
üêï,0x1f415,10,0.879,0.154,0.462,0.385,0.231,DOG,Miscellaneous Symbols and Pictographs,0.385,0.616
üèÇ,0x1f3c2,10,0.777,0.154,0.308,0.538,0.385,SNOWBOARDER,Miscellaneous Symbols and Pictographs,0.308,0.6920000000000001
üë°,0x1f461,10,0.635,0.154,0.308,0.538,0.385,WOMANS SANDAL,Miscellaneous Symbols and Pictographs,0.308,0.6920000000000001
üìª,0x1f4fb,10,0.726,0.154,0.385,0.462,0.308,RADIO,Miscellaneous Symbols and Pictographs,0.34650000000000003,0.6545000000000001
‚úí,0x2712,10,0.544,0.154,0.462,0.385,0.231,BLACK NIB,Dingbats,0.385,0.616
üå∞,0x1f330,10,0.786,0.077,0.308,0.615,0.538,CHESTNUT,Miscellaneous Symbols and Pictographs,0.23099999999999998,0.769
üè¢,0x1f3e2,10,0.542,0.077,0.692,0.231,0.154,OFFICE BUILDING,Miscellaneous Symbols and Pictographs,0.423,0.577
üéí,0x1f392,10,0.614,0.154,0.231,0.615,0.462,SCHOOL SATCHEL,Miscellaneous Symbols and Pictographs,0.2695,0.7305
‚åí,0x2312,10,0.624,0.077,0.308,0.615,0.538,ARC,Miscellaneous Technical,0.23099999999999998,0.769
üè´,0x1f3eb,10,0.644,0.538,0.154,0.308,-0.231,SCHOOL,Miscellaneous Symbols and Pictographs,0.615,0.385
üì¥,0x1f4f4,10,0.982,0.154,0.077,0.769,0.615,MOBILE PHONE OFF,Miscellaneous Symbols and Pictographs,0.1925,0.8075
üö¢,0x1f6a2,10,0.818,0.308,0.154,0.538,0.231,SHIP,Transport and Map Symbols,0.385,0.615
üöö,0x1f69a,10,0.479,0.231,0.615,0.154,-0.077,DELIVERY TRUCK,Transport and Map Symbols,0.5385,0.4615
üêâ,0x1f409,10,0.628,0.077,0.692,0.231,0.154,DRAGON,Miscellaneous Symbols and Pictographs,0.423,0.577
‚ùí,0x2752,10,0.587,0.077,0.615,0.308,0.231,UPPER RIGHT SHADOWED WHITE SQUARE,Dingbats,0.3845,0.6154999999999999
üêä,0x1f40a,10,0.846,0.231,0.462,0.308,0.077,CROCODILE,Miscellaneous Symbols and Pictographs,0.462,0.539
üîî,0x1f514,10,0.713,0.077,0.077,0.846,0.769,BELL,Miscellaneous Symbols and Pictographs,0.11549999999999999,0.8845
‚ó¢,0x25e2,10,0.572,0.077,0.231,0.692,0.615,BLACK LOWER RIGHT TRIANGLE,Geometric Shapes,0.1925,0.8075
üè•,0x1f3e5,9,0.648,0.167,0.417,0.417,0.25,HOSPITAL,Miscellaneous Symbols and Pictographs,0.3755,0.6255
‚ùî,0x2754,9,0.787,0.333,0.333,0.333,0,WHITE QUESTION MARK ORNAMENT,Dingbats,0.49950000000000006,0.49950000000000006
üöñ,0x1f696,9,0.8,0.333,0.417,0.25,-0.083,ONCOMING TAXI,Transport and Map Symbols,0.5415,0.4585
üÉè,0x1f0cf,9,0.686,0.333,0.25,0.417,0.083,PLAYING CARD BLACK JOKER,Playing Cards,0.458,0.542
‚ñº,0x25bc,9,0.657,0.25,0.417,0.333,0.083,BLACK DOWN-POINTING TRIANGLE,Geometric Shapes,0.4585,0.5415
‚ñå,0x258c,9,0.421,0.417,0.417,0.167,-0.25,LEFT HALF BLOCK,Block Elements,0.6255,0.3755
‚òõ,0x261b,9,0.554,0.083,0.5,0.417,0.333,BLACK RIGHT POINTING INDEX,Miscellaneous Symbols,0.333,0.667
‚ú©,0x2729,9,0.266,0.083,0.833,0.083,0,STRESS OUTLINED WHITE STAR,Dingbats,0.4995,0.4995
üíí,0x1f492,9,0.794,0.083,0.333,0.583,0.5,WEDDING,Miscellaneous Symbols and Pictographs,0.2495,0.7494999999999999
üö§,0x1f6a4,9,0.504,0.083,0.5,0.417,0.333,SPEEDBOAT,Transport and Map Symbols,0.333,0.667
üêê,0x1f410,9,0.721,0.083,0.417,0.5,0.417,GOAT,Miscellaneous Symbols and Pictographs,0.2915,0.7085
‚ñ†,0x25a0,9,0.79,0.5,0.25,0.25,-0.25,BLACK SQUARE,Geometric Shapes,0.625,0.375
üîö,0x1f51a,9,0.869,0.167,0.333,0.5,0.333,END WITH LEFTWARDS ARROW ABOVE,Miscellaneous Symbols and Pictographs,0.3335,0.6665
üéª,0x1f3bb,9,0.721,0.083,0.5,0.417,0.333,VIOLIN,Miscellaneous Symbols and Pictographs,0.333,0.667
üî∑,0x1f537,9,0.368,0.083,0.667,0.25,0.167,LARGE BLUE DIAMOND,Miscellaneous Symbols and Pictographs,0.41650000000000004,0.5835
üö¶,0x1f6a6,9,0.454,0.25,0.417,0.333,0.083,VERTICAL TRAFFIC LIGHT,Transport and Map Symbols,0.4585,0.5415
üîì,0x1f513,9,0.803,0.333,0.25,0.417,0.083,OPEN LOCK,Miscellaneous Symbols and Pictographs,0.458,0.542
üéΩ,0x1f3bd,9,0.904,0.083,0.417,0.5,0.417,RUNNING SHIRT WITH SASH,Miscellaneous Symbols and Pictographs,0.2915,0.7085
üìÖ,0x1f4c5,9,0.597,0.25,0.333,0.417,0.167,CALENDAR,Miscellaneous Symbols and Pictographs,0.4165,0.5835
üé∫,0x1f3ba,9,0.646,0.167,0.083,0.75,0.583,TRUMPET,Miscellaneous Symbols and Pictographs,0.20850000000000002,0.7915
‚úØ,0x272f,9,0.321,0.083,0.833,0.083,0,PINWHEEL STAR,Dingbats,0.4995,0.4995
üçà,0x1f348,9,0.521,0.583,0.167,0.25,-0.333,MELON,Miscellaneous Symbols and Pictographs,0.6665,0.3335
‚úâ,0x2709,9,0.441,0.167,0.417,0.417,0.25,ENVELOPE,Dingbats,0.3755,0.6255
‚ï£,0x2563,9,0.642,0.083,0.833,0.083,0,BOX DRAWINGS DOUBLE VERTICAL AND LEFT,Box Drawing,0.4995,0.4995
‚ó§,0x25e4,9,0.669,0.083,0.083,0.833,0.75,BLACK UPPER LEFT TRIANGLE,Geometric Shapes,0.1245,0.8744999999999999
‚óã,0x25cb,8,0.625,0.091,0.364,0.545,0.455,WHITE CIRCLE,Geometric Shapes,0.273,0.7270000000000001
üçº,0x1f37c,8,0.89,0.182,0.182,0.636,0.455,BABY BOTTLE,Miscellaneous Symbols and Pictographs,0.273,0.727
üìÄ,0x1f4c0,8,0.843,0.182,0.545,0.273,0.091,DVD,Miscellaneous Symbols and Pictographs,0.4545,0.5455000000000001
üöõ,0x1f69b,8,0.552,0.273,0.636,0.091,-0.182,ARTICULATED LORRY,Transport and Map Symbols,0.591,0.40900000000000003
üìì,0x1f4d3,8,0.835,0.182,0.455,0.364,0.182,NOTEBOOK,Miscellaneous Symbols and Pictographs,0.4095,0.5915
‚òâ,0x2609,8,0.986,0.091,0.636,0.273,0.182,SUN,Miscellaneous Symbols,0.40900000000000003,0.591
üí¥,0x1f4b4,8,0.837,0.364,0.455,0.182,-0.182,BANKNOTE WITH YEN SIGN,Miscellaneous Symbols and Pictographs,0.5915,0.4095
‚îº,0x253c,8,0.595,0.273,0.455,0.273,0,BOX DRAWINGS LIGHT VERTICAL AND HORIZONTAL,Box Drawing,0.5005000000000001,0.5005000000000001
üêÉ,0x1f403,8,0.83,0.091,0.818,0.091,0,WATER BUFFALO,Miscellaneous Symbols and Pictographs,0.5,0.5
‚û∞,0x27b0,8,0.255,0.455,0.182,0.364,-0.091,CURLY LOOP,Dingbats,0.546,0.45499999999999996
üîå,0x1f50c,8,0.844,0.364,0.364,0.273,-0.091,ELECTRIC PLUG,Miscellaneous Symbols and Pictographs,0.546,0.455
üçÑ,0x1f344,8,0.482,0.273,0.455,0.273,0,MUSHROOM,Miscellaneous Symbols and Pictographs,0.5005000000000001,0.5005000000000001
üìï,0x1f4d5,8,0.688,0.182,0.455,0.364,0.182,CLOSED BOOK,Miscellaneous Symbols and Pictographs,0.4095,0.5915
üì£,0x1f4e3,8,0.665,0.182,0.273,0.545,0.364,CHEERING MEGAPHONE,Miscellaneous Symbols and Pictographs,0.3185,0.6815
üöì,0x1f693,8,0.655,0.091,0.545,0.364,0.273,POLICE CAR,Transport and Map Symbols,0.36350000000000005,0.6365000000000001
üêó,0x1f417,8,0.757,0.091,0.364,0.545,0.455,BOAR,Miscellaneous Symbols and Pictographs,0.273,0.7270000000000001
‚Ü™,0x21aa,8,0.727,0.091,0.727,0.182,0.091,RIGHTWARDS ARROW WITH HOOK,Arrows,0.4545,0.5455
‚õ≥,0x26f3,8,0.66,0.091,0.182,0.727,0.636,FLAG IN HOLE,Miscellaneous Symbols,0.182,0.818
‚îª,0x253b,8,0.436,0.636,0.091,0.273,-0.364,BOX DRAWINGS HEAVY UP AND HORIZONTAL,Box Drawing,0.6815,0.3185
‚îõ,0x251b,8,0.712,0.091,0.273,0.636,0.545,BOX DRAWINGS HEAVY UP AND LEFT,Box Drawing,0.2275,0.7725
‚îÉ,0x2503,8,0.496,0.091,0.455,0.455,0.364,BOX DRAWINGS HEAVY VERTICAL,Box Drawing,0.3185,0.6825
üë±,0x1f471,7,0.584,0.2,0.5,0.3,0.1,PERSON WITH BLOND HAIR,Miscellaneous Symbols and Pictographs,0.45,0.55
‚è≥,0x23f3,7,0.829,0.4,0.2,0.4,0,HOURGLASS WITH FLOWING SAND,Miscellaneous Technical,0.5,0.5
üí∫,0x1f4ba,7,0.5,0.2,0.4,0.4,0.2,SEAT,Miscellaneous Symbols and Pictographs,0.4,0.6000000000000001
üèá,0x1f3c7,7,0.829,0.4,0.3,0.3,-0.1,HORSE RACING,Miscellaneous Symbols and Pictographs,0.55,0.44999999999999996
‚òª,0x263b,7,0.808,0.2,0.4,0.4,0.2,BLACK SMILING FACE,Miscellaneous Symbols,0.4,0.6000000000000001
üìû,0x1f4de,7,0.64,0.1,0.4,0.5,0.4,TELEPHONE RECEIVER,Miscellaneous Symbols and Pictographs,0.30000000000000004,0.7
‚í∂,0x24b6,7,0.467,0.3,0.5,0.2,-0.1,CIRCLED LATIN CAPITAL LETTER A,Enclosed Alphanumerics,0.55,0.45
üåâ,0x1f309,7,0.848,0.1,0.3,0.6,0.5,BRIDGE AT NIGHT,Miscellaneous Symbols and Pictographs,0.25,0.75
üö©,0x1f6a9,7,0.147,0.4,0.4,0.2,-0.2,TRIANGULAR FLAG ON POST,Transport and Map Symbols,0.6000000000000001,0.4
‚úé,0x270e,7,0.547,0.1,0.3,0.6,0.5,LOWER RIGHT PENCIL,Dingbats,0.25,0.75
üìÉ,0x1f4c3,7,0.754,0.1,0.4,0.5,0.4,PAGE WITH CURL,Miscellaneous Symbols and Pictographs,0.30000000000000004,0.7
üè®,0x1f3e8,7,0.803,0.1,0.6,0.3,0.2,HOTEL,Miscellaneous Symbols and Pictographs,0.4,0.6
üìå,0x1f4cc,7,0.799,0.6,0.2,0.2,-0.4,PUSHPIN,Miscellaneous Symbols and Pictographs,0.7,0.30000000000000004
‚ôé,0x264e,7,0.855,0.3,0.5,0.2,-0.1,LIBRA,Miscellaneous Symbols,0.55,0.45
üí∑,0x1f4b7,7,0.573,0.1,0.4,0.5,0.4,BANKNOTE WITH POUND SIGN,Miscellaneous Symbols and Pictographs,0.30000000000000004,0.7
üöÑ,0x1f684,7,0.7,0.1,0.3,0.6,0.5,HIGH-SPEED TRAIN,Transport and Map Symbols,0.25,0.75
‚ñ≤,0x25b2,7,0.338,0.1,0.3,0.6,0.5,BLACK UP-POINTING TRIANGLE,Geometric Shapes,0.25,0.75
‚õµ,0x26f5,7,0.324,0.1,0.3,0.6,0.5,SAILBOAT,Miscellaneous Symbols,0.25,0.75
üî∏,0x1f538,7,0.172,0.1,0.6,0.3,0.2,SMALL ORANGE DIAMOND,Miscellaneous Symbols and Pictographs,0.4,0.6
‚åõ,0x231b,7,0.797,0.3,0.3,0.4,0.1,HOURGLASS,Miscellaneous Technical,0.44999999999999996,0.55
üöú,0x1f69c,7,0.767,0.1,0.1,0.8,0.7,TRACTOR,Transport and Map Symbols,0.15000000000000002,0.8500000000000001
üêÜ,0x1f406,7,0.55,0.1,0.5,0.4,0.3,LEOPARD,Miscellaneous Symbols and Pictographs,0.35,0.65
üëí,0x1f452,7,0.844,0.2,0.4,0.4,0.2,WOMANS HAT,Miscellaneous Symbols and Pictographs,0.4,0.6000000000000001
‚ùï,0x2755,7,0.862,0.2,0.4,0.4,0.2,WHITE EXCLAMATION MARK ORNAMENT,Dingbats,0.4,0.6000000000000001
üîõ,0x1f51b,7,0.474,0.2,0.2,0.6,0.4,ON WITH EXCLAMATION MARK WITH LEFT RIGHT ARROW ABOVE,Miscellaneous Symbols and Pictographs,0.30000000000000004,0.7
‚ô¢,0x2662,7,0.868,0.1,0.5,0.4,0.3,WHITE DIAMOND SUIT,Miscellaneous Symbols,0.35,0.65
üá≤,0x1f1f2,7,0.787,0.1,0.4,0.5,0.4,REGIONAL INDICATOR SYMBOL LETTER M,Enclosed Alphanumeric Supplement,0.30000000000000004,0.7
‚ùÖ,0x2745,7,0.247,0.1,0.2,0.7,0.6,TIGHT TRIFOLIATE SNOWFLAKE,Dingbats,0.2,0.7999999999999999
üëù,0x1f45d,6,0.611,0.222,0.222,0.556,0.333,POUCH,Miscellaneous Symbols and Pictographs,0.333,0.667
‚úû,0x271e,6,0.509,0.111,0.444,0.444,0.333,SHADOWED WHITE LATIN CROSS,Dingbats,0.333,0.666
‚ó°,0x25e1,6,0.947,0.111,0.556,0.333,0.222,LOWER HALF CIRCLE,Geometric Shapes,0.389,0.611
üéã,0x1f38b,6,0.786,0.222,0.111,0.667,0.444,TANABATA TREE,Miscellaneous Symbols and Pictographs,0.2775,0.7225
üë•,0x1f465,6,0.838,0.222,0.333,0.444,0.222,BUSTS IN SILHOUETTE,Miscellaneous Symbols and Pictographs,0.3885,0.6105
üìµ,0x1f4f5,6,0.794,0.222,0.444,0.333,0.111,NO MOBILE PHONES,Miscellaneous Symbols and Pictographs,0.444,0.555
üê°,0x1f421,6,0.867,0.111,0.556,0.333,0.222,BLOWFISH,Miscellaneous Symbols and Pictographs,0.389,0.611
‚óÜ,0x25c6,6,0.602,0.111,0.222,0.667,0.556,BLACK DIAMOND,Geometric Shapes,0.222,0.778
üèØ,0x1f3ef,6,0.53,0.111,0.667,0.222,0.111,JAPANESE CASTLE,Miscellaneous Symbols and Pictographs,0.4445,0.5555
‚òÇ,0x2602,6,0.453,0.222,0.556,0.222,0,UMBRELLA,Miscellaneous Symbols,0.5,0.5
üî≠,0x1f52d,6,0.716,0.111,0.444,0.444,0.333,TELESCOPE,Miscellaneous Symbols and Pictographs,0.333,0.666
üé™,0x1f3aa,6,0.608,0.111,0.556,0.333,0.222,CIRCUS TENT,Miscellaneous Symbols and Pictographs,0.389,0.611
üêú,0x1f41c,6,0.88,0.111,0.333,0.556,0.444,ANT,Miscellaneous Symbols and Pictographs,0.2775,0.7225
‚ôå,0x264c,6,0.79,0.111,0.222,0.667,0.556,LEO,Miscellaneous Symbols,0.222,0.778
‚òê,0x2610,6,0.538,0.778,0.111,0.111,-0.667,BALLOT BOX,Miscellaneous Symbols,0.8335,0.1665
üë∑,0x1f477,6,0.739,0.222,0.333,0.444,0.222,CONSTRUCTION WORKER,Miscellaneous Symbols and Pictographs,0.3885,0.6105
‚Ü≥,0x21b3,6,0.346,0.111,0.778,0.111,0,DOWNWARDS ARROW WITH TIP RIGHTWARDS,Arrows,0.5,0.5
üîà,0x1f508,6,0.635,0.111,0.556,0.333,0.222,SPEAKER,Miscellaneous Symbols and Pictographs,0.389,0.611
üìÑ,0x1f4c4,6,0.624,0.111,0.111,0.778,0.667,PAGE FACING UP,Miscellaneous Symbols and Pictographs,0.1665,0.8335
üìç,0x1f4cd,6,0.489,0.222,0.444,0.333,0.111,ROUND PUSHPIN,Miscellaneous Symbols and Pictographs,0.444,0.555
üöê,0x1f690,6,0.776,0.111,0.222,0.667,0.556,MINIBUS,Transport and Map Symbols,0.222,0.778
üöî,0x1f694,6,0.522,0.222,0.556,0.222,0,ONCOMING POLICE CAR,Transport and Map Symbols,0.5,0.5
üåã,0x1f30b,6,0.38,0.111,0.333,0.556,0.444,VOLCANO,Miscellaneous Symbols and Pictographs,0.2775,0.7225
üì°,0x1f4e1,6,0.554,0.222,0.333,0.444,0.222,SATELLITE ANTENNA,Miscellaneous Symbols and Pictographs,0.3885,0.6105
‚è©,0x23e9,6,0.732,0.111,0.667,0.222,0.111,BLACK RIGHT-POINTING DOUBLE TRIANGLE,Miscellaneous Technical,0.4445,0.5555
üö≥,0x1f6b3,6,0.103,0.111,0.111,0.778,0.667,NO BICYCLES,Transport and Map Symbols,0.1665,0.8335
‚úò,0x2718,6,0.539,0.111,0.222,0.667,0.556,HEAVY BALLOT X,Dingbats,0.222,0.778
€û,0x6de,6,0.472,0.111,0.778,0.111,0,ARABIC START OF RUB EL HIZB,Arabic,0.5,0.5
‚òæ,0x263e,6,0.453,0.111,0.778,0.111,0,LAST QUARTER MOON,Miscellaneous Symbols,0.5,0.5
üÖ∞,0x1f170,6,0.311,0.222,0.333,0.444,0.222,NEGATIVE SQUARED LATIN CAPITAL LETTER A,Enclosed Alphanumeric Supplement,0.3885,0.6105
üì•,0x1f4e5,6,0.982,0.111,0.778,0.111,0,INBOX TRAY,Miscellaneous Symbols and Pictographs,0.5,0.5
üáº,0x1f1fc,6,0.734,0.111,0.444,0.444,0.333,REGIONAL INDICATOR SYMBOL LETTER W,Enclosed Alphanumeric Supplement,0.333,0.666
‚îì,0x2513,6,0.515,0.111,0.333,0.556,0.444,BOX DRAWINGS HEAVY DOWN AND LEFT,Box Drawing,0.2775,0.7225
‚î£,0x2523,6,0.487,0.111,0.333,0.556,0.444,BOX DRAWINGS HEAVY VERTICAL AND RIGHT,Box Drawing,0.2775,0.7225
‚ìÅ,0x24c1,6,0.727,0.111,0.444,0.444,0.333,CIRCLED LATIN CAPITAL LETTER L,Enclosed Alphanumerics,0.333,0.666
‚í∫,0x24ba,6,0.815,0.111,0.444,0.444,0.333,CIRCLED LATIN CAPITAL LETTER E,Enclosed Alphanumerics,0.333,0.666
üî¶,0x1f526,5,0.853,0.125,0.75,0.125,0,ELECTRIC TORCH,Miscellaneous Symbols and Pictographs,0.5,0.5
üë§,0x1f464,5,0.786,0.125,0.25,0.625,0.5,BUST IN SILHOUETTE,Miscellaneous Symbols and Pictographs,0.25,0.75
üöÅ,0x1f681,5,0.51,0.125,0.625,0.25,0.125,HELICOPTER,Transport and Map Symbols,0.4375,0.5625
üé†,0x1f3a0,5,0.574,0.125,0.375,0.5,0.375,CAROUSEL HORSE,Miscellaneous Symbols and Pictographs,0.3125,0.6875
üêÅ,0x1f401,5,0.419,0.375,0.5,0.125,-0.25,MOUSE,Miscellaneous Symbols and Pictographs,0.625,0.375
üìó,0x1f4d7,5,0.789,0.25,0.375,0.375,0.125,GREEN BOOK,Miscellaneous Symbols and Pictographs,0.4375,0.5625
‚îê,0x2510,5,0.771,0.375,0.375,0.25,-0.125,BOX DRAWINGS LIGHT DOWN AND LEFT,Box Drawing,0.5625,0.4375
‚òÆ,0x262e,5,0.75,0.375,0.25,0.375,0,PEACE SYMBOL,Miscellaneous Symbols,0.5,0.5
‚ôÇ,0x2642,5,0.58,0.125,0.625,0.25,0.125,MALE SIGN,Miscellaneous Symbols,0.4375,0.5625
‚óû,0x25de,5,0.723,0.25,0.5,0.25,0,LOWER RIGHT QUADRANT CIRCULAR ARC,Geometric Shapes,0.5,0.5
üìØ,0x1f4ef,5,0.974,0.25,0.625,0.125,-0.125,POSTAL HORN,Miscellaneous Symbols and Pictographs,0.5625,0.4375
üî©,0x1f529,5,0.673,0.25,0.375,0.375,0.125,NUT AND BOLT,Miscellaneous Symbols and Pictographs,0.4375,0.5625
üë¢,0x1f462,5,0.994,0.125,0.25,0.625,0.5,WOMANS BOOTS,Miscellaneous Symbols and Pictographs,0.25,0.75
‚óÇ,0x25c2,5,0.199,0.125,0.5,0.375,0.25,BLACK LEFT-POINTING SMALL TRIANGLE,Geometric Shapes,0.375,0.625
üì∞,0x1f4f0,5,0.86,0.25,0.25,0.5,0.25,NEWSPAPER,Miscellaneous Symbols and Pictographs,0.375,0.625
üì∂,0x1f4f6,5,0.93,0.125,0.5,0.375,0.25,ANTENNA WITH BARS,Miscellaneous Symbols and Pictographs,0.375,0.625
üö•,0x1f6a5,5,0.724,0.25,0.5,0.25,0,HORIZONTAL TRAFFIC LIGHT,Transport and Map Symbols,0.5,0.5
üåÑ,0x1f304,5,0.286,0.125,0.625,0.25,0.125,SUNRISE OVER MOUNTAINS,Miscellaneous Symbols and Pictographs,0.4375,0.5625
üóæ,0x1f5fe,5,0.739,0.125,0.5,0.375,0.25,SILHOUETTE OF JAPAN,Miscellaneous Symbols and Pictographs,0.375,0.625
üî∂,0x1f536,5,0.786,0.125,0.5,0.375,0.25,LARGE ORANGE DIAMOND,Miscellaneous Symbols and Pictographs,0.375,0.625
üè§,0x1f3e4,5,0.273,0.125,0.5,0.375,0.25,EUROPEAN POST OFFICE,Miscellaneous Symbols and Pictographs,0.375,0.625
üé©,0x1f3a9,5,0.586,0.125,0.5,0.375,0.25,TOP HAT,Miscellaneous Symbols and Pictographs,0.375,0.625
‚ìÇ,0x24c2,5,0.765,0.25,0.25,0.5,0.25,CIRCLED LATIN CAPITAL LETTER M,Enclosed Alphanumerics,0.375,0.625
üîß,0x1f527,5,0.677,0.625,0.125,0.25,-0.375,WRENCH,Miscellaneous Symbols and Pictographs,0.6875,0.3125
üêÖ,0x1f405,5,0.819,0.125,0.625,0.25,0.125,TIGER,Miscellaneous Symbols and Pictographs,0.4375,0.5625
‚ôÆ,0x266e,5,0.937,0.125,0.625,0.25,0.125,MUSIC NATURAL SIGN,Miscellaneous Symbols,0.4375,0.5625
üÖæ,0x1f17e,5,0.977,0.375,0.375,0.25,-0.125,NEGATIVE SQUARED LATIN CAPITAL LETTER O,Enclosed Alphanumeric Supplement,0.5625,0.4375
üîÑ,0x1f504,5,0.971,0.125,0.75,0.125,0,ANTICLOCKWISE DOWNWARDS AND UPWARDS OPEN CIRCLE ARROWS,Miscellaneous Symbols and Pictographs,0.5,0.5
‚òÑ,0x2604,5,0.435,0.125,0.75,0.125,0,COMET,Miscellaneous Symbols,0.5,0.5
‚ò®,0x2628,5,0.458,0.125,0.75,0.125,0,CROSS OF LORRAINE,Miscellaneous Symbols,0.5,0.5
